sequence,label
ATGGTGCACCGCCGCTTCTCCTGGCCCTTCGGCGGCCAGCGCGCCTCCTTCTGTGGCAGCTTCACCGGCTGGAGGGAGTGCCCCATGGGGCTCGTCGGGACTGAGTTCCAGGTGGTGTTCGATCTCCCACCAGGGCTTTATCAGTACCGCTTTTTGGTGGATGGTGTCTGGAGATGTGATGACACAAAACCTATTGTACGTGATGAATATGGTCTGATCAGCAATGAAATGCTTGTCACACTTGTGGAGAATAATACACACCCGGCTGTACAGCTAGAGCCATCTCCCATTAGAAGAATGAATTTGGATGAGGGTACTATCTTGACAACAATGCCACCAGAACCACCATCTCGAAACCCGGGCATGCAGATTGCAGTTTTCCGCCATCGGGTCTCTGAAATACTATTACATAATACCATATATGATGTTGTTCCTGTTTCTAGCAAGATAGCAATTTTGGATGCTCGGCTTCCTGTCAAACAAGCATTTAATATTATGCATGATGAGGGCCTTGCTTTGGTTCCTCTTTGGGATGATGGCCAAGGAACCGTAACAGGCATGCTAACTGCTTCTGATTTTGTATTAATTTTGAGAAAGAGGAACATTCGAGTTCTGGGCCATGAAGAGCTTGAAATGCATTCAGTTTCTGCTTGGAAAGAAGCAAAACTGCAGTATTATGGAGGGGCTGATGTCGCAGGCATGCAAAGAAGGCCATTAGTTCATGTTAAGGATTCGGATAATTTAAGGGATGTGGCACTGACTATAATACAAAATGAAATATCTTCAGTCCCTATCTTTAAGTCCTCGATGGATATATCAGGGATACCGTTACTTAATCTTGCAACTCTTCCAGGGATTTTGAAATTTCTTTGCTCAAAGCTCCAAGAACAACCAGAAGGTTATCCCATTTTGCGAAATCAGATTTCCAGTATTCCTATTGGTACATGGTCGCAGCATACTGGAAGGGCAAGTACTAGACAGCTTAGAACATCGGGACTGA,1
ATGCGGCCGCCGTCGCCGCCGCGGCCGCTGGCCTTCCCGACGCTAGACTCGCTCGCGGCGTACCTCCGGCCGCGCCTCCCGGGCCCGGCGCTCGCCTCCTGGGGATCCGCGCCGGGGACCAAGAACCTGCTCAACCTCTTCCTGGAGCTCTCCTGCGGCGACTGCACGCTCCTGCCCGCGGCCTCCTCCCCACCGGCCCTCGTCGTGCGCGCCGTCCACGTCGCCACCGTGCGCATCCGCAATCGCCGGGGCGCGCTCCTCGTGGAGACCCGCCAGCTGCTCTCCGACGGCACGCTCCGCCGCCGGGCCGCGCGGCCGCTCTCCGAGAAGATGCGCCCCGGGGAGACCCCCGAGGCCGCCGCGGCCCGCGCCGTCGTCGAGGAGCTCGGCGAGCGCGCCCGCGTCCGGATCGTGGGGGCGGTCCCGGAGCCGCGCGTGGAGGAGCGGGAGTCCGTCTCGTACCCAGGACTCCCCGCCAGGTACGTGCTGCACGCGGTGGACGCGGAGCTCGTGGAGGGCGTCCCGGAGGAGGGCGAGTTCGACACGGAGGAGGGCGGCGAGGGCGAGGGCCACGACGGCGGCGGCGCGGCCATCACCGTGAAGCGGCACTACTGGTCGTGGGTCGACGACGACGAGGCCCGCGGCGAGGCCGCCCCGGCCGCCGTCGCCGGACTGCAGTGTTCATAG,1
CAAAGCGTGCTGGGACGAAGGGTGCGCGAGCTCTGACATCCTCGCCGCATTTGACGAGGCCATCACAGACCGTGTCGACGTTATCTCTGTCTCGCTTGGCGACACCGGCTTGGCCGACAACTTTTACAGCGACACAACCGCGGTGGGGGCGTTCCGCGCCGTCAGCAAGGGCATCGTCGTCTCCGCCTCAGCGGGAAACTCTGGCCCCGGGGACTCCACCGCCGTGAACATCGCGCCGTGGTTCTTGACGGTGGGCGCGTCCACACTCAACCGCCGATTCCCGGGCGACGTCGTTCTCGGCAACGGAGAGACCTTCACGGGCACTACTCTTTACGCCGGCGAGCCGCTCGGCGCGACCAAGTTACCAGTGGTCTATGGAGGGGACGTGGGCTCCAAAGTGTGCGAAGAGGGGAAGCTGAAACCAGCCAAGGTAGCCGGGAAGATTGTTTTCTGCGAACTGGGTGTAACGGCTCAAGCAGCGAAAGGACAAGCCGTCAAGCTCGCCGGTGGCGCCGGAGCAATCCTCACCGGCGCCAAAGAAGACGGCGAGCAGGTCATCACCAGCCCCCATGTCCACCCCGCCACGGACGTCCCATTTGCTGCCGCCGAGAAGATTAAAAAGTACATACGCACGCAAACTTCCCCTACGGCGACGATCATCTTCCGCGGCACCGTGGTCGGCTCGACGCCTCCTTCCCCTAGAATGGCGTCTTTCTCGAGCCGCGGGCCGAACTTCCGCGCGCCGGAGATCCTCAAGCCGGACGTGACCGCGCCTGGCGTGGACATCCTCGCCGCTTGGACGGGCGCCAACTCGCCCTCCGAGCTCGACTTTGACACGAGGCGAGTGAACTACAACATCATATCGGGCACGTCCATGTCATGCCCGCATGTGAGCGGCATCGTCGCGCTGCTCCGGCAGGCGAGGCCGGAGTGGAGCCCCGCCGCTATCAAGTCCGCCCTGATGACCACCGCGCGCAACATGGACAACGCCGGCGGCGTG,1
ATGGCGGCGGCCGGCGCACCGCCGCCGCGCGCCCTATCCGCGGAGCTGAGGAGGGCTCCGCTCGCCGCGGGCCTCGCGCCGCCGCGGCAGGGGACCAGGGCTCGCGCGTCGTGGCCCCTCCCCCGCCAGGAAACTGTTTGTAGTCGTGGCCGGTTGATATCGACCATGTCTAGTTCAAGGTCATTGGCGTGCTCTCCTTGTCGTTGCGCTCAGGTGGCTTTGGCTGACGCAGAGATTGCTTATCAGCCTGAGGCTGAGAAGCATGCTGGAGTTCTGGCCTATGAACTGGTTCAAGGGAACCTTGTACAATGGAACTCTTTTATGGACAAATCAATACCTGATCCACCAACAGCTGTACTCCTTCATGGCATCCTTGGGAGCGGGAAAAACTGGGGGTCGTTTGCAAAGAGGTTAGCTCAGGAATTTCCAATGTGGCAGTTTCTTTTGGTTGATTTGCGTTGCCACGGTGACTCGGCATCAATTAAGAAAAGAGGATCACACACTGTTGCTTCCACTGCTTTTGACGTTCTAAAGCTGATAGGGCAACTCAGGTTGTCTCCTCGAGTGTTGGTTGGTCACAGCTTTGGTGGAAAAGTGGCTTTGAGTATGGTAGATCAAGCTGCAAAACCACTTGCCCGTCCTGTCAGGGTATGGGTTCTTGATGCTACTCCTGGCAAAGTTCGTTCTGGGCTAGATGGCGAAGATCATCCCGTTGAACTTATTGATTTCCTCAGAAGAATGCCTGTGCAGGTTAATTCAAAGCAGGAAGTTGTTGATGCTCTAGTTAAAGCAAAGTTTTCTGTGGATGTTGCACGGTGGGTGGCAACAAATCTCCGACGGAGCAGCCCATCAGGATCACGATCTTCTCCAAGCTACTCATGGATATTCAACTTAAATGGCATCTCTGAGATGTACAAGTCATATGAAGATACTAACCTATGGAGGATTGTAGAGAATGTACCACGCGGGGTACACATTAATTTTCTCAAGGCCGAAAGAA,1
CTGCAGCGCCTCACCGCGCGCTCCAGCCGCTACCTCTGGATCCCCGGCAGCCAGTACTTCCCCAGCAAGTACAGGAGGGAGATCGGGCGGCTGAACGGCGAGCTGGAGGGCGTCGTCTTGGAGTCCATCCGCCGGAGCCGCGAGATCGCCGACGAGGGCCGGACGACCTCCACGTACGGCCGGGGGCTCCTCGCCATGCTGCTCGCCGAGATGGAGAAGAAGAGGGAGAAGGGCGCAGGCGACGACGGCAAGTTCAGCTACGACACGCGGATGGTGATCGACGAGTGCAAGACCTTCTTCTTCGCCGGCCACGAGACGTCCGCGCTGCTGCTCACCTGGACGCTCATGCTGCTCGCCACGCACCCCGAGTGGCAGGACAAGGCCCGCGCCGAGGTCGCCCAGGTCTGCGGCGACGACCCGCCGTCCGCCGACCAGCTCTCCAAACTCACCGTGCTGCAGATGATCATCCACGAGACCCTGCGGCTGTATCCGCCGGCGACGCTGCTGCCGCGGATGGCGTTCGAGGACATCCGGCTCGGCGATCTCCACCTGCCGCGCGGGCTCTCGGTGTGGATACCCGTGCTGGCAATCCACCACGACGAGTCCATCTGGGGCGCCGACGCGCACGAGTTCAACCCGGAGCGGTTCGCCGCCGGGCGGCGCTCATCGGCGGGCGCCGGCCGGTTCCTGCCGTTCGCGGCCGGGCCGCGCAACTGCGTCGGGCAGGCGTACGCCCTCTTCGAGGCCAAGGTCGTCCTCGCCATGCTGCTGGCCAACTTCCGCTTCACCATCTCCGATGACTACCGCCACGCGCCGGTCAACGTGCTCACCCTCCGCCCCAAGTACGGCGTGCCCGTCCACCTCCGGCCGCTGCGGCCGTAGGGCCTCCATACATATTTTTGTTCCTTTGGCGCGCGCCTCGATCGGCTATAGAGAAAGATTTTGTGTTTTCTGATTGGTTGCCCTACCTGTCTGACTGACTGACGGGGGAGGCCGGCCT,1
TTATGAGTTGCAACTGCTTGGTGGTACTGCAACATAACTTTGTGGCAGTTGGCTGATGATTTTCCCCTCGTTTCTCTATTCTTGTTTGTTCTGTGTGTCAGCGCTGATAGCTGATTCTCTCTGTTGCCTGTACGGGAGGAACCCCTATATTCTTTCACCAACTTGCCATGATAGTCTTTAATCAGAACATGCAATTCACGTTTTCCAGTGTTTTGCATGGTGGCAGTACCATCCTTGGATATCCAAGGAGTCTAGTAATACTTCAATTTTAAGAAATCTGTCTGAGTGCAAAATTCTTCTTGTCCCTTTTCAAATTATCTATAATCGTTCTGTACCTGACTCCCTTCCCATTCATCATCTCGACTAATGCTGTCATTCATTAGCCATGCACATTCTTAGGTGACTACGTTTCTGTGAATGGTAAGTAGGTAGGTAGATAGTCATGGCAGCTCTTTGTAAATAATTAATTTCTGCTTATGAGTTGGCAACTGCTCGCAAGATGACTTTGCGGCTACTGTTAATGCAATTTTTGTTGGTGAGTTGTGCCCCTTGTAAATAGAGAACATGGGTGCTGAAAATTTGTGGCAATCGGCTGGTGATTCACCAACTTGTTTTTTTTGGGGTCTGTTCTGCGTGTTG,1
ATGAAGAAGATCTTCGGCGCCAAGAAGAGCAAGGACCCACCGCCCACCATCCAGGACGCCACCAACCAAATAAACAAGCGGGGCGAGAGCGTGGACGAGAAGATCAAGAAGCTGGACGAGGAGCTGGCGCGGTACAAGGAGCAGATCCGCAAGGCCCGCCCCGGCCCCTCGCAGGAGGCCATCAAGGCCCGCGCCATCAGGCTCCTCAAGCACAAGCGCATGTACGAGGAGCAGCGCAACATGCTCTACAACCAGACCTACAACCTCGACCAGGTCGGCTTCGCCGCCGACGGCCTCAAGGACGCGCAGCAGACCATGGGTGCAATGAAGGCCGCCAACAAGGAGCTCAAGGGGATGATGAAGACCGTCAAGATCGAGGACATCGATAATATGCAAGATGAAATGACGGATCTGATGGACGTGAGCAACGAGATACAAGAATCTCTTGGTAGAAGCTACAACATCCCCGATGATGTTGACGAGGAAGATCTAATGGGAGAACTGGATGCTCTGGAAGCTGATATGGAGTTTGAGTCAGCTGCAGTCCCATCATACCTTCAGCCAGATGAGGAATCTGATCTTAACTTGCCCGCTGCACCGACTTATCCTGCAGCAGTTCCCGTAAGCAGGCACCAGGAGGACGAGCTTGGACTGCCACCGGTACCTCGAGCGTCGCTCCGTAGTTAG,1
CAGCATCCATATAACTACAAATCCTGCAGTACAACAGTTGTCCTACAAATCGATCCAGAGCGCAACAAATCACTTCAAGAAACTGATAGGAGGGGGTGGGTTTGGAGCTGTTTATCAAGGTACTCTAACACATGGCCAACAAGTCGCAGTAAAAGTCCGTTCACCTGCATCGACTCAGGGAACACGCGAGTTTAACAATGAGTTACGGCTACTTTCTACTGTGTGGCATGAAAACTTGGTCCCTCTAATTGGCTATTGCTGTGAAAAGGATCAACAGATTTTGGTTTATCCACTCATGTCCAATGGCTCACTACAGGATCGCCTCTACGGTGAGGCATCAAAACGAAAAGTTCTTGATTGGCCAACCAGAATATCAGTTTGCATTGGCGCTGCTAGAGGACTAGTATACCTTCACAATTTTGCTGGCCGCTGTATCATACACAGAGATGTTAAGTCTAGCAACATACTTCTGGATCAGAGCATGTGTGGCAAGGTTGCCGACTTTGGGTTTTCAAAGTATGCGCCTCAAGAAGGCGACAGTGTTGCATCAATGGAAGTGAGAGGCACTGCTGGATACTTGGATCCTGAATACTATTCCACTCAGGTGTTATCGACCAAGAGCGACGTGTTCAGCTTTGGGGTGGTTCTCTTAGAAATCGTGACCGGAAGGGAGCCTCTCGACGTTCAGAGGCCTCGGAGCGAATGGAGCTTAGTCGAGTGGGCAAAGCCATACATACGGGACTTCAGGATCGAGGAGATCGTGGACCCCGGCATAAAGGGGCAGTACTGCTCGGAGGCCATGTGGAGGGTGCTGGAGGTGGCCACGGCGTGCACCGAGTCCTTCTCGACCTTCCGGCCGAGCATGGAGGACATCGCGCGGGAGCTGGAGGACGCGCTCATCATCGAGAACAACGCGTCCGAGTACATGCGGTCCATGGAGAGCACCGGCACCTTCGGCTCCAACCGCTACCTGTCCATCGACAGGAAGATGTTCGCGTCG,1
ATGTCCGGGACCCAAGGTTGGGCAGACCTCCCAGAAGGCCTGCTGCACTCTATCGTCGCTCGGATGGGCCTGGGCTCTGCCCCAGATCTTCTTGCATTTGCTGCCACCTGCCGTTCTTGGGGTACTGCTTTTGCCGGCTCCATAGCAACATTCCCACCTCTCCTTCTCCAACCTGATGTTTCTTCCTCCCCTCCTAATGCTAGCCCCTTTAGCAACAACCTGGTGCCCAATCGTCCATATCTTGTCACAGATATAGCCAAAGTCAACCATGGTGCCAACCTTTGCTCTGAGATTCCTCTACGTCTGGAATGGTTTTCCTTCATGGGGGCTTCCTTTGGCCATCTCATTTTGTACAACAAAAAATCTTGTATCGTTGTTGATGTGTCTAGAGGTGTTAGCGTCTCACCTCCACAACTACCACTCGTCGAATGCGCTGAGCCCAACTATGGTGCCCTTACTGCTCCTCTCACATCACCCAACTCTCATCTCATTGTCGAGGCTGGACCACATAATCTGTTTTGGCGTGTTGGTAGCGACTCGTGGGTGAGATGTTCTACTCGTCATGGACATATCAAGCAAATCGTGGTCTTCAAAGGACGGGTGTTTGGCATGGATTCTGATCGCAGAATCTTCAAAGTGCACTTGACACCCCAGATTAGCATCCAAGAACTACCAGTCATCGAGTCAAGCATGATCAGTAAGCGGAATCTTTCCAATGCATGGCTGGTGGCGTGCGGCGATATGCTTCTCTTGGTCGGCTGTCGGGGATCTATCATAGTATCAGGGGTAACCTTTGAAGTCTTTCGCCTTGACCTATCATTTGAGCCTGCATTGTGGTTCAAGGTGGAGAAGCTAGAGCATTGGGCGATATTCATCAGCACGGACAAGAGAAGCCAGGCTTTGTCTTGCATGAACCCAGAGATATGGGGAGGGCGGAGCAACTGCATATACTGCTATAACCATGAGTCTGGACATTGGATTGCACTTGAGCTCGGCAAGC,1
ATGGGAACCCTCAATGTGACAATCCTACTATGTTTTCTACTCCTCATGCCACTCCATTTAGTTCTTGGTTTAGAGGCCAAGACGTGCAAAGAGCTTAGTGGGACATATACCGCTTCATGCTGTGATCAGGCAAAATGTGTTGTGGCCTGCAGCAAGGAGGGCTTTACCCAAGGGGGGTGTGAAGTTATTGTCAAAACAAAAAAATTTATGGTACTTTGTTTTTGCAAAAAAGAGTGTTGA,1
ATGATGGTGGGGGTGGGCGATCTTGTGCTGGCTGCTCCGGCGATCCTGCTCGCCTTGCTCCTGACTCTGGTGCTGAGCCACTTCCTGCCTTTGCTCCTCAACCCCAAGGCTCCGAGGGGCAGCTTTGGATGGCCCCTTGTCGGCGAGACCCTCAGGTTCCTCACCCCTCACGCCTCCAACACGCTGGGTAGCTTCCTGGAGGATCACTGCTCCAGGTATGGGAGGGTGTTCAAGTCCCATCTGTTCTGCACCCCCACCGTAGTGTCCTGTGACCAGGAGCTGAACCACTTCATCCTGCAGAATGAGGAGAGGTTGTTCCAGTGCAGCTACCCCAGGCCAATTCATGGCATACTGGGCAAGTCCTCCATGCTGGTGGTCCTCGGGGAGGACCACAAGCGGCTCAGGAACCTTGCTCTGGCCCTCGTCACCTCCACCAAGCTCAAGCCAAGCTACCTTGGCGACATTGAGAGGATTGCGCTGCACATAGTCGGGTCATGGCACGGCAAGGGCGGCAGCATCACCTTCTGCGAGGAGGCAAGAAAGTTTGCGTTCAGTGTGATAGTGAAGCAGGTGCTGGGGCTGTCGCCAGAGGAGCCTGTCACTGCCATGATACTGGAGGACTTCCTCACCTTCATGAAGGGCCTCATCTCTTTCCCTCTCCGCATCCCAGGGACCCCATACGCCAAAGCTGTCCAGGCCAGAGAGAGGATATCAAGCACTGTGAAGGGCATTATCGAGGAGAGGAGGAAGGCTGACTGCTGCAAGAGGGATGATTTCCTCAACGTGCTCCTGTCAACCGATGAACTCTCTGACGAGGAGAAAGTGAGCTTTGTGCTGGACTCCCTGCTAGGAGGATACGAGACCACCTCACTCATGATCTCCATGGTCGTCTACTTCCTTGGGCAGTCAGCTCAAGATCTGGACCTAGTGAAGAGGGAGCATCAAGGCATAAGATCTACCAAAGCAAAGGAGGAGTGCTTGAGCTCTGAGGACTACAAGA,1
ATGAGTTCGCCGGAGGACGCCCTGGGAGACAGCGCCCTGGCGCCGACCATGGCCTCGCGTGTCTCCGCCGCCCGCATCGCCGTCGTCGAGCTCGAGGACGACGACGACGACACGGCCGCCTCCACCCCGGCCCCCCGCTCCCGCGCCTCCCGGGGCCTCCTCGACGCCTCCTCCTCCTCCCCGGCCTTCCCCAAGCGCCGGCTGCCGATGTCCCCCATCTGCATCGACGATGACACGCCTCCTCCCCCGCCGAAGCGGCGGGAGCCCGGATCCGCCGCGCCCGGGACCGGGACCCCCCCGTCGTTCGTCCCGTGCTCGCTCGCCCCCCGCCCCCGCGTCGCCGCCGCTCCCGGTTCTTTCTTCCCGAGCCCGTTCCGCGCCGCTGCTTTGCAGATCCCTGGGCGGTCTGCCCCCGGATCTGTCGACCTGGACATTGTTGTCCTGGAGACGCCGGGCTACACCCCCGTGCGCCGGGTCGGGGCCTCCCCGGGGCCCGTCCCGTGCTCGCTCAGCCCCCGCTCCGGCGGCGATGGTCCGCGCACGCCTGATTCTGTTCTCCGGCGCAATATCGACTTCGAAGATGCCGCTGATCTGGGGATCCCCGGGTCGGCTTCCCCCGGCTCTGCCGACCCCGACATTCTTGTCCTGGAGACCCCGGGCTTCACCGCCTCCCGCCCGGCCGGGCCTTCCAGCGTCCCAATCGGGACTCCGCCGTCGTTCGTTCCGTGCTCACTCGCCCCACAGTCCCGTGGTGCTGCTGTTCCTAATACGCCTGTTCTACCGCGCGCGTTCGACTTTGACGCTGCTGATTTGGGGATCCCTGGGCCGGCGTTCCCCGGATCTGTTGGCCCCAACGCTGAGACACGTTTCTTCACCAACTCGCGCTTGGATGTGGCAGGCCCCTCCACTTTTCGAGGAGCTTCTTCCCCGATATCTTTGGACAGTGATGATGAGCTGGATGACTTTGGGTACAAAGAGCCATCAGACAATTTGATTTTAC,1
CAAATTTGTCGATCAGTTACCATCAGTAATGAATCAGGTTACAGAAGGTGTATCTGAATTCAAACCAACACCACCTGAGAACCGTGAATTCTGCAAGAATTCTTACAGTGTAGCTAATACATTATTGGTCAAATTCAGCGTTGATGCTATTGATGATACAGACATAATTGAGGACATCTTGAGACCTCGGGTAGACTCAATTGGTGGACAAATAAAGAAGGTCGTACTGTCAGGAACACATCTAACTCCGTGTATACAGGATGTTAAATGGCAGGTTGGTTCAGAATACACTCCAGCGGATGCTCTGGCGCAGGGCTTAAAATCATTGGCTCTCAATGAGACCAGGGTCCTCTCAAGAACTATCGCTGACTACTTCAGATCCCTTTAGAAGCCTAGATTATAATTTATTCTATGTCCATTGAAGTTCAGAATGCTGCTTATGAAGTTGGCTGGGGTGTGGGGGGGTTGCCATTACAAGGACACACCGGAGTAAATATTATAGCACCTAGGACTCGAAGAGCGATGTATGTGGACCGAGTTGAGTACGTTGGCACCGGCAGGCCGTACATCTACTATATGATCTGATCAAGATTTGGAGGTTGGGACCAAGTTGTTGGACTCTAGTCAGGCTATGCACTGCATTTAACCCGAAATCCAAGAGAACAACGATCCATTCTCAGTTTGGATGAAGACATTTGGCAAGTAAGGATCCATTTTGATGCAAGAGAACCATTGGAGATGAAGCTTTGTAGTTCAGATATTACTTATCTGAATTTGGTTGCAGTGATGAAAACCTAAGGATTTAATGCATATGATTGTTTGTTTCACATTGAAAATCCATCTTTAGGAGAGAAAG,1
GCCCGCTCACACACACACTCGCTCTCTCTCTCGCTCTCGGTGCCACACAAGCGAGTGACAAGGCTCATCATACCGAGGGAGCCCGTTGCCGCGGCTGCGCCATGGAGACAGCGCAGGAAAGAGAGCTGCCGCAGCTGCCGCTGCAGCTGCAGGGGTGGCCTTTCCACGCCATGCCGCCCAGCTTCGACGCCGGCAGCGGCGCCTACAGCAGCGGCGGCAGCAGCAGCATGAGCAGCGATTCCTTCCTGCTCGGGTGGGAGCCGCCGTTCGGCGGCTGCTTCGGCCTCGCCGACGCGCAGCTCCACGACCTCTTCCCCCTCTGCATGATGGAGCCGCTCCCGCTGTCGCCGGCCGCGACGTCCACGGCGGCGGACCTCCCATCGGAGCAGCAGGTCCCGGCGCCGGCGGCAATGTCCAACGGGGAGCTCGGCGACCTCCTGCTGAATTTCTGGGACGCCGGTGATGCCAGCGACCGGCCGGTCGCAATCAATTCAGGCTGCGTGGCACCGCAGCACGAGAAGAGCAGCCAGAGCAGCGCTGCCACGGCCACGAACTCTTTCCTCTATGATGAGGACGATCTTTTGGGCTCCATTTTCTCCAAGAGGCCCACCTTGGGAGAAGAACCACCCGTGCTCCTCCTCGCCCCGGCGGAGGCGGAGCCCCTCCTCAGCGCCTCCTCCTCCTCCAGCTGCCACGCGGACCCACCTGCCAGCGACGCCGGCGGGGCCCGGGCGCAGGGCACCACCACCGAGCCAAGTGGCGCGCGGGCCCCGCCCCTCCCTCGCTCCTCCTCCTCGTCGTTGAAACGCGCGACACCGGAAGCAGCATCGGACTCGGCGGAGGCGGAGTGCAGCCAGAGCGGCGGCAAGCGGCGGAAGGTGTCGGCGAGCGTGCTGTGCCCGTTCGCCGTGCTGAAGCCCGACGGGCTGGACGGCGGCGCGACGCTGGCGGACATCAACGCGCGCATCCTCATGCGGCCGGCGCGGCCCGTGCGGCACCC,1
AGCCGTCGTCGATGTGGTAGATGCAACACCTCTCCACCTCCTGGCTCCTCTAGCCAACACCTGTTCCAAAACGATGCCCCTCGAGAAGTTAACACGGTTTTCACGGGCAGTTGCACCACTCCAAACCCGCAGCTGACTAGATCTGTGCGAGCCGCGCAGTGAAGGTGCACGCAGCCGCCGGAACGCCGGCAATGGGACTCCAGCTGCCCCTCACCGGCCCTATGCGCCGCCGGCCGACCAAGAGCCACACCGATGACGGATCTAGGCAAGGATCAGATCTACGGCCCACCGCCACCAACTGTCGCCAAAGAAGCAACATGCCATGGAGGCGGCAACCATCGCCACACAACTAGGGCCGCCCGCCCTGGCCGTCGCACATGATCTCCCCACAGGCGTTGCCCTAGCCGCACCATGGGGTCACCGCCGTGAACCACCCACCCAGGCACCTTCAGCGCCTGGCCCGCCGCCACCGTGGCCAACACCGGCGACAACGACAGTAGGGGAAACGCCTAGGTTGGATGTCTACATATATGACTATTTCGTGAAGAGAAATTTGCAGGAAACTGCAAAAGCCTTCCAAACGGAAGGGAAGGTCTCACCAGATCCAGTTGCAATTGATGCTCCTGGTGGCTTCCTTTTTGAATGGTGGTCGGTATTTTGGGATATATTCATAGCAAGAACAAATGAGAAGCATTCAGATATTGCAGCATCATATATTCAGACTCAGTTAGTGAAAGCAAGGGAACATCAACATGAGCATCAGCAACAACAGCAATCTCAGCAGCAAACTCAGCAGCAGCAGCAGCAACAACAGCACCACCAACAGCAGCAGCAGCAGCAACAACAACAACAACACCAACAACAGCAACACCACCACCACCACCACCACCAACAATCTCAGCAGCAGCAACAATCTCAACAGCATCAACAAATACAAATGCAGCAAATGTTGTTACAGAGAGCTGCACAGCAGCAGCAGCAGCAGCGTAGAGATGGTTCT,1
ACATCCTTGCAGTTCCATTATCAGCATGCGCGTCTACGTTTCCTAACTTTGCTTCGGACTATGGATTGCTCGTGGCAAACGGGACATATGCACTTACTGCTGGTAACTGTGTGGAATGCAGCTGTGGGCCAGGGGATCTCAATCTGTACTGCACTCCAGCTTCATTAGGAACGTCATGTTCAAGTATGCAGTGCTCCAATAGCAGTCTAATGCTTGGTAACGTGACTACCCAGCCCACCAGCGGTGGCTGCGGTGTCTCGTCTTGCAGCTATGCCGGCTTCGTTAACGGAAGCATTACCACATCGCTGTCCTCGGGTCTTCAACCTACATGCCCTGGACCGCATCAAGTTCCTCCACTCATGGAGCCGTCCACCGCAGCAATCCACGACTCGTACCTTGCTCCATCGCCTTCGCCAGGACCTGGGGAGGCAGGTGGTGATGTTCCTGGTTCGTCTGACCCTGGAGCATCCTCCCATTCTCTTGCTGGAAGCCTCTCGCCCTCCGTGCATCAGCTGCATCAAATGATCCTCATTCTTTCTCTAGTCTTCTACCTGCATATGTGAATTCTTCTGTAGGAATATTATTGGATGAATTTGTATCGGATGGGGCCCTCATTTGGGCCCGGTGGAACCTCGGCGACATGGTTTTCCAGCTCCTCTCTTGCTCACCGTGTCTAACTACTTCTGGAGTTTCAGTAGGGTTCTCCATTTTTTACAGGCTTGCTTCTCTACGAATTGCATCTGTTGCATTGAAGTTTGTGGTTCATCAGATCTCAGTCAATGTATCTAGGTTGGTACAATTTTTCCCGAAACCAAAAGCATTAAATGGAAGAAGAAATAATGAAGAGAACTAATTTTTTTTTGAAACCAAAC,1
GCTGACATGTGCTGAGAGACAGTCAAATCTTCAGAGGAATAAATTAAATCAGGGCAACAAGAGCGTGGCGAGTTCTTCAGGTGGTTCTTTGTGCTCAGAAGATGGTACTAATTTATGTGATACATCTAGATACACGCTTGGGTGGAACACCCGTCTAGATCCAGTGCAGAAGGAGAAAGTTGACCAGGAGATCCAACATATCTCATCTGACAATCCAATCTTTGTGGCCATGATGAGCAAGTGCAATGTTACAGGAACTTTCACCCTAAGTGTGCCCAAAGAATATGTCAAGCGACATGTGGGAGATACGGAGCGCAACATATGTCTTCAGCGCCTTGGCAAGGGGTGGGAAGTGCAGTTTGGTGGTAGGCCTGAAGAGAAAAGGATTATATCTGGCTGGCGGAGGTTTGTAAAGGACAATGATGTTGAGATGGGTGATATCTGCATTTTTGAATTGTTGAAGAAATGTAAGATGTGCACGATGGAAGTCCATATCATCCATACAAAGGATATTGATACGCCTTCCAAAATTTGTCAGCAAAGGCACAGAGAGGTTGTTAAAATTATGGAACATTCTCATTCTCTCCCCCAGCTTAAGGAAATGCAACTGCATAATGAAACAGTGGAAGATACTATCGTTCATCCCGAGCCTGTGCAAATACAACTACCTTCGTTGGAAAGACGGATACAACTTCAAAGGGACAAGTCTAGTCAGGGCAGCAAGAGAGATTCCTTGTCATCGGAAGATATTGATCATGAAGAAGGTGCTTTGTCTGATTGCATCCTTGCACGTTTTACGCGCCTTACTACAGATCAGAAGAAGGCAGTGAAAGAGAAGGTTCAATTTATTGATTCTGAAACTCCCATCTTTGTTGCCATGATGCAACAAACCAATGTTACTGGAAGATACACTCTAAGCATCTCTAAGAAATATATCAACAAGTATTTGGGAGATGAGGTGCAGAGCATCTGTCTTGAGCGACTTGGCGAGAGGTGTCAA,1
ATGCACACGGGCAGGAGGTTTCTTGGATGTGCTAAGAAGGAAGGCATAAACTGTGGAGTAGTTCAATGGATTGATTTTGAATGGCCAGACTCAATGGAGAAGGCATTGGCCAAGCTATGGGATATGTATGAGGAGACTAAGTCAGCTAGGACCAATGACAATCTAGAGAGTTCCTTTGCAATTCACAACCTGACAGAAGAGAAGAAGAAACTACAGGAGAACTATGACAGTTTGTATGCTGATGTGAATGCTCTTTTGAATGCCCGACAGGAGAGGGGTGTGGAGTTAACCAATCAAAAGGAGCAGAAGCAATATCTTGAAGTGAAGATTGCTGAGCTTGAAACTGTAGTTGGCAACTTGAAGGCAGAGTTGTCAAAGAAAAAGGACGAGAAGAAGAAACTACAGGAGAACTATGACAGTTTGTATGCTGATGTGAATTCTCTCTTGGATGCCCAGCAGCAGAGGGGTGTGGAGTTAAACAATCAGAAGGAGCAGAAGGAATATGTTGATGTGAAGATTGTTGAGCTTGAGACTGTAGTGGGGAACTTGAAGGCAGAGCTGTCAAAGACAGAGGAGGAGGAGAAGAAGATGCTGCTAATGAAGGAAATATGCCCTAGAGACAAACAGAGTGTCACTAGTATGCCTCTACTTGACTAG,1
ACATTGACCGCAACAGTGTTGTGGAGGACACTGAGCTCATGACTTTCCCTGACAATTATCCGATGCCCGTCGGAGGCGACAATGTCGGGAACCCGACAGAGTTCTACTACAGCAGCGGATATCCAGCCGGGTGGGATGCCGGAGTACCTGGAGTTCAGTCCCAGCAGCAGGTACTCGCTAAGGAGGTGGGGGGTGGCACTGAACCTCTCAATGTTCTGGACGAGACCAAGCGCATTCACCAGACAATGATGGACATGAAGGACATCGAGCACATGATGGTCTTTGACGGCGAGGATGCGGTGCATGTCAATGGCAAGGATCCGGCGTCCGGGTACTTGGGAGTCGACAACAGTGGATATTCAGCTGGGTTGGATGGCGGAGAACATCAAGTTGAGGATTTGATCCACAAACCAATGTTTGTCGGAGTCGAGGACGGCGGATGTTCGACTAGGTTGGATGGAGGAGAACTTCAAGTTGAGGACTACATGATCGACATCCCGACGCTCGTCGGAGTCAACGACGGCGGATGTTCGGCTGGGTTGGATGGCCGAGAACTTCAAGTTGAGGACTATGTGATCGAAACCCCGATGCTCGTCGGAGTCAATGACGGCGGATGTTCGGCTGGGTTGGATGGCAGAGAACTTGAAGTTGAGGACTACCTGATCGACATCCCAACGTTTGTCGGCGTCGACCACGGCAGATGTTTGGCTGGGTTGGATGGCGGAATCTGTCAAGTTGATGACTACCTGATCGACATCCCGATGACCGTCGGAGTTGACGCTGGCGGGGATGGGTACTTTGACGGTGGACTTGAAGTTGAAGCCGTGCAGCACGAACTCACTGGCGCAGCGAAGAGCGGTAGTAGACATCGTATCAACTGAAGCACATCTTAAGAAATGGGTCGCTAGTGCTTGAGCTTTCATTCTAGACTAGAGGTGGGCCGTTTGTGCGCCTCCTGCTCCATAAAGCAAATGGCACTCGCAGTCAAGGTTTTGAATTT,1
ACCCCTCTTTACTCCACCGTCCGTCCCCACCCACGGCGTACGTCGTCGGTCGTCACAGCTCAGCCCACGGTACGACACGAGTTGGTGGTGCATCTCCTCTCCCCTCCCACTCCTTCGCCACCTCGCTCCCACCCACTCCGGCCCACGGCCGCGCACCCCTCCCCCCAGACGCCCCGCCCGCGCCCGCATCCGCCGGCGACGCGGCGCCATGGCCATCCCCGTCGAGGAGGCCATCGCCGCCCTCTCCACCTTCTCCCTCGAGGACGAGCAGCCAGATGTGCAGGGATTAGCCGTGCTCCTGTCAAGTGAAAGATATGCAACTAATAGTCCTATCGAGTACAGTGATGTTGCTGCTTATCGTCTATCATTAGGGGAAGATACAAAAGCAATCAACCAGCTGAATACTCTGATTCAAGAGGGAAAGGAAATGGCTTCTTTGCTGTACACATACCGCAGCTGTGTTAAGGCGCTACCTCAGCTGGCAGCTGATATGCAGAGGTTTTCTAGGCCCGAGAGACTGGTCAATGGACCCACAGTCACTCATTTTTGGTCTATGCTGAAATTGCTTGATGTCCTACTACAGCTCGATCATCTTAAGAATGCAAAAGCAAGTATACCTAATGATTTTTCATGGTACAAGAGAACATTTACTCAAGTAAGCACCCAGTGGCAGGACACCGACACTATGAGAGAAGAGCTGGACGATCTTCAGATTTTTCTGAGCACCAGATGGGCCATCTTGTTAAATTTGCATGCTGAGATGTTTCGGACAAATACTGTTGAGGACATTCTACAGGTCCTTATAGTATTCTGTGTAGAGTCATTGGAATTAGACTTTGCTCTTCTTTTCCCTGAGCGTCACACCCTACTTCGTGTTCTCCCAGTTTTGGTTGTTCTAGCAACCTCATCGGAGAAAGAGAGCGAGTCACTCTATAAGAGAGTCAAGATAAACCGTCTTCTCAATATTTTTAAGAATGATCCAGTTATTCCAGCATTTCCA,1
ATGGGGCGGAAGAAGATCGTGATCCGGCGCATCGAGAACAAGGCTGCACGGGACATCTGCTTCTCCAAGCGCCGGCAGGGGCTGTTTCGCAAGGCGAACGAGCTGGCCGTCATGTGCGGCGCCGAGGTGGCCGCCGTCGTCTACTCCCGGGCCGGCAAGGCCTATTCCTTCGGCCACCCCTCCGCCGAGGACATCGTCGACCGCTTCCTCCGCCCCGCGGAGCAGGCCGGGGCGGCGGGGGCTGGCATGGGCGCCGCCGTCGACCCGGACCGGCTGGCAGAGCTGCAACAGAAGTACAACAAGCTGGGCGCGGATCTGGACGCGGTGGAGCAGCAGAAGGAGCGCTGGGGGGAGGCCATAGCGAAGGGTCGCGCGGAGGGGAGCCAGGCGGCGGCGTGGCTGGACGCAGTCGCAGACCAGCGCGACATGGGGGACGCGGACATGCTGGCCTGCATGGCTACGCTGAGGGAGGCGCAGGTCACCGTGGCGGCGCTCGTCAACCAGGTGCTCCAGAACGGTCGCCGTGACAAGGAGGCAGCCCTCGCGGCCCTGCCGCCACAGCTACTCGCCGGCGTCGGTGGCTTTGAGCTCGGTGGGACGGGGCAGATGATGGCGGTTATGCCAACGCCGGGGTTCGCGGTCGGTGGCGGGTTTGAGCTCGGTGGCACCAGCGCGAACGGCGGGATGGAGGAGCTGATGACGGCGATCGCCGGCGGTGGGCTTGAGCTGGGTGGCACCAGTGTGAATGGGGGGACGGAGCAAATGGTGACGGTGATGCCAACGCCGGGGTTCGATCCTTGGTTTGAGCTCGGTGGCACCAGCGCCAACGGCGGGATGGAGGACCTGATGACGGAGATCGCCGGCGGCGATGGGTTTGAGCTGGGTGGCACCAGCGTGAATGGAGGGACCGAGCATTCACCAGCGTGGGTTTGA,1
ACACACACACACACAAGTGCACAACCAGCACCAAGAAAACAAAAAGCATGAAGATGATGAGCACCAGGGCCCTCGCGCTCGGCGCGGCTGCCGTCCTCGCCTTCGCCGCGGCGACCGCTCAGGCCCAGAGGTGCGGCGAGCAAGGCAGCAACATGGAGTGCCCCAACAACCTCTGCTGCAGCCAGTACGGCTACTGCGGGATGGGCGGCGACTACTGCGGCAAGGGCTGCCAGAACGGCGCCTGCTGGACCAGCAAGCGCTGCGGCAGCCAGGCCGGCGGCGCGACGTGCACCAACAACCAGTGCTGCAGCCAGTACGGGTACTGCGGCTTCGGCGCCGAGTACTGCGGCGCCGGCTGCCAGGGCGGCCCCTGCCGCGCCGACATCAAGTGCGGCAGCCAGGCCGGCGGCAAGCTGTGCCCGAACAACCTCTGCTGCAGCCAGTGGGGATTCTGCGGCCTCGGTTCCGAGTTCTGCGGCGGCGGCTGCCAGAGCGGTGCTTGCAGCACCGACAAACCGTGCGGCAAGGACGCCGGCGGCAGGGTTTGCACTAACAACTACTGTTGTAGCAAGTGGGGATCCTGTGGCATCGGCCCGGGCTATTGCGGTGCAGGCTGCCAGAGTGGCGGCTGCGATGGTGTCTTCGCCGAGGCCATCACCGCCAACTCCACTCTTCTCCAAGAATGATGATCAATCTTGCTATGGCAGTATTGCAACGACGAATAATCCGTGGCAATCTCATTGCCACCTACGGTTTCCCTTCACTTACTTTTAGAGTACTAGTCCTTAATAATTCTCTAGCTTGCAATATGATGTGCAGGTTACTGCAGCAGAAACAAAATATTGCTGTCGTGCATGCATGGAAATATTGCAGTGAGAAAGTACTGTGTGGCAATATAGGGTGTGCTATTGTTGCCGCAAATTAGTTTTCTTGTTATGACCTGTTGTCAGGATGCATGCATGGCTGTTGTAATGTTGGAGTACTTCGTGATTTCGTTGCA,1
AAGTCTAAGAAAGATTGTACCCGCATGATTTTGTTCTTGTGAAGCTTAGTTAGCATTCAGCAGCAGTACCTATTGGCGCTATGGACCCGCATGGGCATGGAGGACCAGGTGGAGGAGGCCCTGGAGGGTGGGGTCCGGTACCACCTGGAGGGCCTGGATTTCTCGGTGGGCCTGGCCCTGGTTCTTGGGGGCCTGGATTTCCGGGTGGCTTTGGCTCTGATTCTTGGGGCCCTGGATTTCTCGGTGGCCCTGGCCCTGGTTGGGGATCTGGATTCGGTGGCTTTTTCGGATCCTGCTTCTATCATCTCTGCTGCTGCTGCCTGCTCCAGGACTGTTGTGGCCCTCTATTCGGACACCCAGGCCCAGATGGTCCACCACCCCCTTTATGATAGCCTGCCGAGCTGGGACCTTATCTACGGCGAGAAACTATTCCTGGGCTAAATATATTCACTGAAGAACCCACATGGGTGAATATATTATAGCTTGGATGTTTCCCTTGCTACTATGTAAATACTAGTGAAAATAAGTAATGGTCTTTGTATGTCTCTGTTGGGGATCGTTGCTTCAGTCTTAGCCTCTTAGGTAGTACCGGGTACTAGTGTTATTTCGGATACTGAATGCAATTATCAGGGTTCTCTAAACTTTGTAGTACCTTACTGATGCATTTCACCGCCCAGCATGTGAGATAAGCTACAATCTCATGGTAGTTCACAAACAGACACGGTGACACCAACCGGGGTAAATAAGGCAGAAACTGCACCGGATGATCTCTCTAGCCAGCATCAACCCATCCTGGAGCTAGTAATCCATTCCAGAGGGTTCTTTTTTATTGTATTAATTAGACTTTTGCAATGAAAATGTATTTAACCCTTGAAGCATTGTTGAAGAGAGATTTTCCCCTATTTC,1
ATGTCTTTGGCACCTTCCATCCCTTCCATCAAGGTGAAGGTGGGACGCATCGTCCCGCCGCCTCCGTACCGGGCATGCAGGTCGTTCGCCGTGATCAGAAGCTCCAAGGCCGAGGGGCCCAGGAGACCCGCGGCGCCTCCACTGTCGCCGCCCCCGCCTATGCCTCCCAAGACGCCAGCTCTGTCCACCCCTCCGAGCCTGTCCCAGCCACCGACCCCAGTGAAGCCAGCACAGCCATCACCTCCTCCTCCCGAGACCAAACCGGCAGTGGCTGCCGCTGCGACGCCACCGGTGGGAGGGGTTGTGACGTTCGAGTACCAGAGGAAGGTGGCCAAGGAACTACAGGAATACTTCAAGAAGAAAAAGCTGGAGGAGACCAACCAGGGACCCTTCTTTGGGTGGTTGGCCAAGAATGAGATTGCCAATGGAAGATGGGCTATGTTTGGGTTTGCAGTGGGGATGCTAACAGAGTACGCAACAGGCTCGGATTTCGTTGAGCAAATGAAGATCCTTCTCTCCAATTTTGGGATTGTGGATTTGGATTGA,1
GTTGGTAATAACTCTGAGCAGACTAATAAACAAGGAATGGCCAAATTCAAAACTTTACCTCTATGGATCGTGTGCTAATTCGTTTGGTTTCTCAAATAGTGATATTGATCTTTGCCTCTCTATTGATGACAAGGAAATGAGCAAGGTTGATATTATACTGAAACTGGCGGACATCCTTCAAGCTGGCAATCTCCAGAATATTCAGGCATTAACTCGAGCAAGGGTCCCAATAGTGAAGCTTATGGATCCGGATACAGGCCTTTCCTGTGATATATGTGTCAACAATCTTTTAGCAGTTGTTAACACAAAACTTCTGAGAGACTATGCACAAATAGATCAAAGGTTACGGCAATTAGCTTTCATTGTGAAGCATTGGGCTAAATCTCGTCGTGTAAATGAAACATACCAAGGAACACTATCTAGTTATTCCTATGTAATAATGTGTATCCACCTCCTACAGCTGCGCAGAATACTCCCGTGTCTACAGGAAATGGAGGCAACTTGTTATGTCACTGTGGATGATAATCATTATGCTTATTTTGATCAAATGGACAAGCTAAGTAACTATGGGGCTCACAACAATGAGACTCTGTCAAGTCTGCTTTGGGCCTTCTTCCATTATTGGGCGTACCAGCATGATTACACACAAGATGTTATATCAATTCGTACGGGAAAGATCATTAGTAAGCACATGAAGGACTGGACAAGACGTGTCGGAAATGACAGGCATCTCATTTGTATTGAGGACCCTTTCGAGACCTCCCATGATCTTGGCCGTGTCGTCGACAAGTTCAGTATCAAGATCCTCCGAGAGGAATTTGAGCGAGCCGCCAATATATTGCAGTATGATCCAAACCCAAGTGTGAAGCTCTTTGAGCCGTATGTGCCCCCTCCTCCATCTGGGACCCTTGACGAGGAAGGGATTCTTAGTACCGCGGGAGCTATAATATGATGATACTACAAACCTGTATCATGGAACCCCTTTGTTTACATGTTTGTT,1
AAGATCCACCTCCTCTCTCCAAACGTCCCCTCCCGTACGTTCCTTTCCTCTTCGTCTCCCGAGCACCTACCCCAACCCCAATCCCAATCCCCATCCCCGTCCCCATCCCACCCGATGCGCCTCTGAAGTAGTACCACTCCAGTCAAGTGTCCCCGTGGAGCCTCCGTCTCCGTGCCCTACAGCTGCTGCCGTGCCGTCGCTCGACGCCGACGCCTCACAGCCCGACCCCAACCCCTCCGCGCGGGCCGCCGCCGCCGCCGTCCCCGTTCTACTTCGCGGCGTCCCTGCCGCTTCGGCCATTGGCCTCTGAGATTTCGGTCTTCGAGGAGCGACAGAGGCGAAATGGAGACGAATGAGAAGAACGCTAATGATTTGGAGGAGAAGAACCAGCCCAGCGGGCACAGCCAGCAGCCGAGCTTCCACGGGCCGGGGTTCTCGCTCTCGCCGGAACCTCAGATGGATTCTTCCAGCAGTGCGCTGGCCGCCATGGGGAACCCGTTCCCTCCTGGCTTATGGAACCCACCTGGCCAGAACTTCGGGTTGGGGGAGACCAACACGAACGCTATGCTTAATGGACACCAGTTCTCCTCGTTCTTGGGGATGCTGTCAGCAGCGACGCCCGCATATCCCGGCGCCCCGTCGGGGTTCATGGATTGTGGAACAGGGTTTCCTGGCTTAAGTGCAAACAGTCTTGGAGCCATGATGGATCACCCTTTTTCCAGGAACCCTCCTATGGGTAGTTTCCAGAACGATATTGAGACGTCTAGGGAGATGAATGTGGACGAAGGTTGCAAGGATGCATTATTGACCGGTGATAGGCAGCAAGGAGATACCGAGAGTTCACATGGTGTTGATGCCTCTAGCAAGGATTTAAGCAAGCCGGAGTGCAGTGGTGGCGCTGGTCAGGATGAAGGGCCTAGTGTGTCTTGTCCCAAGAAGAGGAAAAGACCAAGCCAGGATCGTGGGGTGAAGCATGTACAAGAAGGAAGCCAGCAATTGG,1
GTATCATCAGGCTTCGTTTATTGTGGTACAACGACTTGCTGGAGACATTCTTGGGAATTAATATGGGAAGGTTCTCAGCTGGCGAATATAGCAAGTTCCGTTTGACGCCCCTTGTTGATACTGCTATTGTTCTAGCTGAAAGTGGCAAAATCGGAGCTCTTAATCTTCTCATGAAGCGTCATCCGTATACTATCTCTTCTGACATTTTACGTGTTCTGTCTGCAATTCCAGAAACTATTGCTGTACAGACTTATAGTCAGTTGCTTCCTGGGAAATATCCTCCTAGTGTTGTAATATTAAGAGATGGTGATTGGGTTGAATGCAAACAAATGGCAGCATATATAAACACTTCTCCTGGTCAATTGGACAAGAGGGGAGTGGTCAAAACAGAAATACTTTTGAAGCACTCAACTGGTTTCTTATGGCCATCTGCCGCTGAACTTTCGGAGTGGTACAGGAGCAGAGCTAGGGACATTGACTGCCTAAGTGGACAGCTGGAAAATTGTCTTGCCATGATAGAGCTTGCATGTCAAAAGGGGATAGTGGAGCTGCAGCCATTCTTTGATGATATGAAATACCTCTACCAAGTTGTATATTCTGATGAGTCGAATGAGTTCATAATGAACCTTGCAACCTGGGAAGATTTACCTGACTATCAAAAGTTTAAAATCATTCTAAAAGGAGCCAAAGATGATACTGTTCTTCAGCGACTAGACGATATGGCTATCCCTTTTATGAATAAGAGATTGCACTTGATCTCGTCAAGTAATGCTGACAAACAAGAAGAATCCTACCTGACTAGATGGATGAAAGAGGTTGCTACTGCAAATGAGCTGTCCATTTGCTTGTCTGTTATTGAAAACGGCTGTGGGGAGTCACCAATTTGTGGGCTCTTCAAGGATCTTAATGAGATGGTAGAGACTGCTATTTGCTGCATTTATGTATGCTCTGCAACTAACCAGTGGAATACCATGTCATCAATTTTGTCGAAGTTACTCCA,1
ATGAAGAGCACACCCATCATCTGCGTCGTCGCCGTATCTCTCACGGCCATCGCCTTGCTCTCCGGCAGCACCGACGCCGCATGCGCCGGCGACCGGTCCATGTCCGTCGCCGGCGCGTGCGACAAGACGAGCGCCTGGCAGGGCCAGCACGAGCTGGAGCTCTGCCAGAAGACGCTGCGCGGCGCACGGGACGGCCTCACGGCCAGCGCCTACGGCATCATCGCCGTGAGGGCCGCCCTTCAGTCGTCCGAGGCCACCGAGGGCGCCGGCAAGAAGCTGGCGCAGGACCCGAAACTCCCCGAGGACGCGCGGGCGGTGTACCAGATCTGCGTGGACATGTACGGCTTGGCGCGCACCGACGTCGTCGCCATGGAAGGCGCGCTCAAGGCCTGCTCGCTCGCGGACTTCCGGCGGGTATGGGAGGGCGCGCTCGCCTCGGTGGATTACTGCGCGGGGAAGCTGCGGCTCGTCGACGGCGACGTGCTGCAGCGCACGGTCTCGGCGGACAGGGAGAGGATCTTGCTCGCTTTCATCCTGGGAGGGCTTTCTTTTCCGAAATGA,1
CTTACCATCTAAAAGTCAAACTGTGACACTGCAGCGCCCCGGCAAGAGCAAGAAGTGGCATCCCAGATTTTACATTAGGAAAGATACACACGGGTCCATCCTTTGTGGGCCTGGTTGGTTAGAGTTTGTTTGCGACACCCGAGTACAGGTGGGAGATATCTGCATCTTTGAAAGAATGAAGGGCACTGGGAGAACATTCTCACTTAGAGTACATCTACTTCGCAAATCAATGCTGCATTCCGGTGGAAGCGGAACTGGTCCTAAAAGAGTAAGCTCAACTCATGGCAAAACAAGGGTTAATTCAGCTACCCCTAAAAGAGCATGCATAACTGATGGTAGAACCAGGGCAAAGGCAACTTCGACAACCTGTGTTAGGAAGGAACCAGGTGATGGAGGAAATGCGCCTTATTCGGTTCGCAGCCATGGTCACGAAGCACGTCAGGGACCTGTCGAGTCCGATAAATCAAGAGGCCCTCGGAAACGTCCCTACGTAATATCATCCACTGCATGCCTGACCAGGGAGCAGGAGATGAATGTCGACAAGAGAGCTCGCGCCCTTCAGTCTAAAGTTCCGATTTACGTGTCGATAATGAACAAGAGCAGTGTTGGCAACAGCCTGTACACCGTAAACATTTGCAGGGAGTATGCTGCTGAGTATCTCGCAGCTGGAGAGCAGACTGTGACCCTCGTGACGGCAGAGATGAGCAAGGCATGGGAAGTCAAGGTGCACCCCCGCGCAAAGGTTCTCACGAGAGGTTGGCACAAGTTTGCCCGCGACAAACACCTGAAAGTCCAAGACATCTGCCTGTTCCAGCTGTTGACAGACCAGAGGAAGCTTACCATGATGGTCGACATCATTCGTCACCATGAGAACCAGTAG,1
CTCCACCGCCTCTTCCTCCTCTGCCTCCTGCTTCTCCTGCCAGTCGTCACCACCCAAACGATACTCAACATCACCAACCGCTGCCCCTACACCGTATGGCCAGGCGCTATGCCGGTGGGCGGTGGCATGCGGCTGGACTCAGGGAAGACATGGACCCTCAAGGTGCCCTCTGACACCCTTTCAGGAAGCGTGTGGGCGCGCACAGGCTGCTTGTTTGACGGCAAAGGCAACGGGTCATGCCAGACAGGCGACTGCGAAGGCTTGCTCGTCTGCAACACATATGGGCTTCAACGTACCCATGGAGTTCCTGCCAATGCCGGCCAACGGGCAAGGGCGATCAGGGTGCAGAAGGGGGCCGTACTGTGGGGCCAACATCACGTCACAGTGTCCGAGCGAGCTCAAGGCGCCGGGAGGCTGCAACAGCGCATGTAACGCGCTTCAAAACCAGTCCAGTTTGTACTGCTGCTATGGAAGACACTGTGAATCCAACAAATATTCGGCCTTTTTTGTGCGGATGTGCCCGGAAGCATTAAGCTTCTCCAGCGATGCTCCGTCACAAACTGCATTCAGTTGTCCATGGGATACCAACTACCAGGTCATCTTCTGCCCACCGATCAATCCAACGTCTTCACCTCCAAGTCATCCTAACAAATCTGGTTTTAGGCCAGCAAGCACAGAACCATCATCTAGGAAAGTAAGAACTGTTGTTTTGATTGCAATTACTGGTCCCATAGTTTTTGTTCTCGCATTGATCTTTTTCGTCGTATATCGGAGAAGAACACGACGGCACCATGAGATGGAGGAAGATGAGGCAGAGTTCGGTCAACTACAAGGAACACCAATGAGGTTTACGTTTCAACAGTTAGAAGCAGCAACAGAGCAATTCAAGGACAAGCTCGGGGAAGGAGGATTTGGGTCTGTTTTCGAGGGACAGCTAGGCGAGGAAAGGATTGCGGTAAAACGTTTGGATCGAGCTGGTCAGGGGAAGAAAGAATTCTTG,1
ACCAAACTCTATACAACTGTACAGATGGTAAAAATGACAAAAACCGGGATGTGATAGTGGCGTTCCCAGATGTTGAACCTTTTGTTATTCAAACACCAGGATTGTATGCGAGAACTAGCAAAAATTATTCTACACTGGCATCAGAGAATTATGTCGTGAAGGATGCATCCAATGATGCATATGAACAACCACATATATGGTATGATACCGTTGCTGTTATACATGCCCTAGAGCTTTTCCTTGAATATGGAGATGAGGTATCTGACAGCAGCACCTTCAGATATGACCTTGTGGATTTAACTCGCCAGGCTCTAGCCAAATATGCGAACCAAATCTTTCTGAAGATCATCCAAGGCTACAAATCAAACAACATAAACCAAGTGACCACCCTGTGTGACCGCTTCCTAAACCTTGTTAATGATCTTGACATGCTGCTAGCCTCTCACGAGGGATTTCTGCTTGGGCCTTGGTTAGAAAGTGCGAAGGGCCTTGCACGAGACCACGAACAAGAGATACAGTATGAATGGAATGCCAGAACCCAGATTACAATGTGGTTTGACAACACCAATACAAAAGCAAGCTTGCTACGCGACTACGCAAACAAGTACTGGAGCGGCCTGCTGTGGGACTACTACGGGCCAAGGGCCGCCATCTACTTCAAGCACCTGATATCAAGCTTGAAGAAGAATGAACCTTTTGCGTTGGAAGAATGGAGGAGGGAGTGGATTAGCCTCACCAACAACTGGCAGAGCGACAGGAAGGTCTTCGCGACCACAGCCACCGGAGACGCCCTAAACATCTCCCGGACCCTGTACATAAAGTACCTGCGCAACACCGATGCACTTGGGCTAGATGGTATGGACTCGTTTGGAAAGCCTGCAAGCTTGTAA,1
GCGGTGCTCGTATGCCAAGCCGATCTATGGGCTTGGTCTTTGGGGCCTCTCAGAGGTGGGCTTCAACACCGATGCTGGGAGAGGCGCCTGTGTGCAGCTCCCTAGCGTCCATGTCCTGTCCCTACACATATCTCCCGTCCAAGATTCAGTTAGCTTTCCAAATGCAGATCTCAGCTTTGCGGCAGAGATCGATAAACATATGGTTACCAACTTCTCTGGTCTGGACCTACATCTCAGCACCAAGGGGCATATGTTTGGAACTTTTGTGCTGCATCTCCTTGGGATGCATCGGATTCATACAGCTTTACGGAACCTTAAGATTGTCCTGCTAAGATCAGAGGTGAAAGATGCATGCCCGGTAAATTGTCTCTGTGATGAGCCTAAGAACTGGAGAACAGAAACTATCACCTTGGCTGATCTTGAAAACATGGAAATTGAAGGCATCGGCGGGGAAGATCACGAGTTTGATTTCTTGAAAGTGATATTTGGATGTGCTCCAGTGCTTAAAAGAGTGACTGTGAAGCTGTCAGATGGTGTCACTCCAAGTGTCGATTGGTGCACAAAAGTAAACAACATCTTCATGGCATATCCTTCCGTCGAATGCAACGCTGATCTGGGCCAAAGCTGTACGTTGACATGA,1
TGGGAATGCAGAAGTTGGGATGATTCTAAATAATGTGAGGCTAGTTGCAAGAGCTCGAGCCCAAGGGAACGAACTCTTCAAGGCTGCCAAGTTTTCTGATGCTTCTATAGCCTATGGTGAAGGCCTCAAGTACGATCCTTCAAATCCAGTGCTCCACTGCAACCGAGCAGCTTGCTGGTGGAAGCTAGACGGTTGGGAGAAAGCCGTTGATGACTGTAATGAGGCGTTGAGAATACAGCCTACTTACACAAAGGCTCTCTTAAGGCGAGCAATGTCCTATTCCAAGCTCGATCGTTGGGCTGATTGTGTGCGGGATTATGAGGCGCTCCGGAAAGAGCTTCCTGCCGATACTGAGGTTGCTGAAGCATTGTTCCATGCTCAAGTTGCCTTGAAGACAACTCGTGGTGAGGATGTATCAAACATGAAGTTTGGAGGAGAGGTTGAAATGGTAACCAGTGTAGAGCAACTATATGCTGCCACTCGTTCGCCTGGGGTATCTGTTGTCTACTTCATGTCGTCGGTGAATCAACAATGCATACAAATTACACCTGCGGTGGACTCTCTTTGCAGCGAATGCCCCTCAATGAATTTTCTGAAGGTAAATGTTGAAGATAGCCCAACGGTGGCAAAGGCAGAGAACGTGCGGATAGTCCCTACATTCAAGATATACAAAGATGGGGCGAGAGTGAAGGAGATGATCTGCCCTACCTTGCATGTCCTGCGCTACTCAGTGAGACACTATGCCGTATCCAGTTCTTGAGAAGCTTTCGGTTGGTACATAGGGCTCCCCTTTCCTCTGCCAGCCAGTCTTTTGCTTTAGGTCCCAAATTTGCAAAAACACCAGTCTCCACAGCATTTCACCAGCTGCATAATAATTCCCCATTGAGCATCGAGCATAATGAGCCTCCCCCAGTTTTCTGCTTTCCACCCATCATTACCCATCCCGTCCCATCCCTTGCCGTTGAGAACATATGATATTGCCGACCCCATTCAATTCTTA,1
ATGGATCCGGTGCTGCGGGGTGCGGCGAGCCTCGGTGGCGGCCATGGCCAAGGTGGCACGGGAGGAGGAGGGGGAGGGGGAGGCGAGGCGCACTACAGGGGCGTGAGGAAGCGGCCGTGGGGACGGTACGCGGCCGAGATCCGCGACCCGTGGAAGAAGACGCGGGTGTGGCTGGGCACCTTCGACACCCCCGTGGAGGCCGCCCTCGCCTACGACCGCGCCGCGCGAACCCTCCGCGGCGCCAAGGCCAAGACCAACTTCCCCGACCACGCCCACCACCACCACCACCGCCCGCCTATGCAGCAGCCTGTTCCGTTCGGCGGCGTCGACCTCAACTTCCCTTCGCCGTGGCACTTCGTCTACTTCTCGCGGCCGCCGGCCGCGCCGGCGCCCCGTCTTCCGCAAGAAGCGTCTCCAGCGGTCTCCGTCCCGCCGTCGACGGCGCTCGAGCTCGGCGTGGCGCCCGGGCCCGCCGGCCTCCCGTTCGACCTCAACGAGCCGCCGTCGCTGCTGTTCGGGTCGTGA,1
ATGGCGCGGAGCTTCTCGACGGACACGTCCGCCGACGGGGAGGCCGGGGCGCGCGTGGCCTGCGGCTCAATCCATTCAAGCTTGAGGCTGAGGTCGTCCTGCGTTGTGCGAATGCCAGAAGGCACGCGCAGGGCGGCGCGACAGGTGGCAGCGCTGCTCCGTCGTGGCCGCGCTGTGGAAGTGGAAGGGGATGAGGAAGACTGGACCAAGAAGAGGCGCTGGGCCCGGAGTGCCGCCATGCTTCCCTGGAGGCTGGCGACTGGACTGCAGCGGGTTTCGAAGGCGAAGTGGCTCCAAGGTTTTGCTGCTTCCCGTGTCGTGTTGATGAACTGA,1
ATGGAGTCGTCGCCGCCGCCGCCGCCGCGCCCCGTGGACAAGACCTACTTCTACAGCTGGCTGGAGCACCGCACCAACGCCGACCCCGGCTCGCTGGAGAGCGAGCTGCTCGAGGCGATTCAGGACGGAGATGTGGAGGGCCTCAAGGATATGGTGAGTAGCATGGACAAACAGGATAGGGCAAAGCTTGCTGATATGCATATAGATGGCACGGGGTTACTACAATTAGCATCATTCCTTGCTGAAATGGAAGTATGCAAGTACTTCGTGGAGGAGCTCGGGTTTGACGTCAATGCTGGTGACCTCACTGGCGGTGTAACACCTCTGAGTTCTGCAGCATTGTTTGGAGAAGTTGCCGTTGCAAGATATCTTCTTGACAATGGAGCTGATCCGAATAAGCTAGATGATAGAGGCTCTGTTGCTCTGCATAATGCTGCAAAAAGCGGGAACGGGGAAGTAGTGGATCTGTTGTTATCTAGAGGGGCCAGAGTTGATATAGCCGTTACTCATGGAACACCACTTCATATTGCTGCTTCCTATGGGAACACTGGTGCTGTGAAGATTTTATTGGATCACCATGCAGATCCAAACAGGGTTTCAGAAGTTTCAGGTACCCCTCTAGTTACGGCGCTTCATTGTACTAAACATGGAGTGAGTGAATCTGATTCATTGGAATGTGTGAAGCTACTTGTCAAGGCTGGCGCTGATGTGAATTCTGCTCATCCAAGTATTCCCTTGGTGGTGGCAACTACGGTTGGTTTGGCTGACTGTATTAAGTACTTGCTGGAGGCTGGCGTGGATCCTAACATTCTGGATGAACAGCATCGCCGTATGCCAATACAAATTGCTGCAAGTTTTGGAAGAAGAAGCCATGTGGAGATTCTATTTCCTTTCACTTCTCCCATTAGAGCAGTGGCAAACTGGTCAGTTGAAGGAATTATTGCTCACGAGAAGTCAAGATGCTCAATTTCCAAGGACGAGTCTTGTAACAAGATCGACG,1
ATGGCATCGCTTCTATTCCTAGTGAGTAGCTCATGGCTCCTCTTCTGCTCTCTCTTCCTTACTCCGGTGGCCGCCGATCAGCGGGCCTCGTACATTGTCCACATGGACAAGTCCGCCATGCCGCCAGCGCACTCCGACCACCGTGAGTGGTACTCCACCGTGCTAGCGTCTCTAACACCAGCAGCTGACTCTTCGGGCGCCGCCAGTCGCGAGCAGCCGCGGCTCGTCTACATCTACGACGAGGCGCTCCACGGCTTCGCGGCCACCCTCTCGGCCTCCGAGCTCCGCGCCCTGAGCCGCGCGCCGGGCTTCGTCTCGGCCTACCCGGACCGCCGCTCTGACATCACTCACGACACCACCCACTCCACGGAGTTCCTCCACCTCAGCCCGTTCGGTGGGCTGTGGCCGGCAGCCAAGCTCGGCGAGGACGTCATTATCGGCATGATCGACACTGGAGTGTGGCCGGAGAGCGCGAGCTTCAACGACGCCGGCATAGCCCCCGTGCCGTCCAGGTGGCGCGGCACGTGCGAGCCCGGGGTGGCGTTCCCCGCCTCCCTATGCAACCGGAAGCTCATCGGAGCGCGCTACTTCAATAAGGGTTTGGTCGCCGCGAACCCCGGTATCAAGATCAGCATGAACTCCACGCGCGACACCATAGGCCACGGCACGCACACATCGTCGACAGCCGGGGGCAGCCCCGTGCCGGGCGCGTCCTTCTTCGGGTACGGGCTCGGCACGGCCCGTGGGGTTGCCCCGCGTGCTCATGTTGCCATGTACAAGGTCATCTGGCATGAGGGCCGGTATGCGTCTGACGTGCTAGCCGGCATGGACGCGGCCATCGCGGACGGCGTCGATGTCATCTCCATCTCAATGGGTTTCGATGGCGTGCCGCTGTACGAGGACCCGGTGGCCATCGCTGCTTTCGCCGCCATGGAGCATGGTATCCTCGTGTCGGCTTCGGCGGGTAACGACGGCCCACGCCCCGGCAGTTTGCACAACG,1
GCCTGTCCTCAAAGCGGATGTCATCTGGTGGCTGCTCTGATGGGGAGCCTATTGATACTGCTGGAGCTGGTGATTCTAGCAGAGTGATTGAGGAAGGGGAAGCTGGTTGTCATGCTACAGGTATGTTAACATGTGCAGAGCTGCATGCAGTTGAACCGATGAAATTGAAAGAGCATGGCGATTATGATGATGCTGCCATTGGTGAGACCCAGTAGCTGCTGGAGATGGAGCCACGACGACCTCAATGAACCGCTAATATAAAGTTACCGTAGATGCTGTCTAGTCTAGTTTGATTATGCGTGTGTTGTGTATGCTGTGAGTTAGTTTGCAACTCTCAATTGCTTAGTTTGCTCTGTTTTTGTGAGCAACGATCATCACGCTCTGATGATCTTTGAGGGGCTTGACAGGTTTAGCGTGTGTGCTGGCTGCGTGAAGTGATGTGGTGCTTGCTCTTGGTTGATACGGAAATCAACCAAACCTTTTGGATTTCAGATTGTAAGCGGAGCGGAGTTCCGCCTATGTATGACCTTGTGAATACTAGTACTACTATGCTTTGCCTTCTTC,1
ATGTTTACGGGTGTACGGCGGAGAGGCGGAGCATCTCGGAACCGGGACGAGAAGTGGAAGCTCCAGCAGGACTGGGAGAATGACCCTGACGCATTCTCGGGGGAGGAGCTTCAACGGCGGCCGGAAGTAAGGATGATCAAGTATGCACTCGTCATGGCGTACGTCCGATTTGGCGTGAGAGCCCTGGGGGCCCTAACGCTTTTGTGGGTCACCATGGTCCTCCTCGGCGGCTTCGTCTCGTCGCTGAGGAAGATCGATTTTTGGTGTCTGACCATGATCGCATTCGTGCACGCTGCCGGGTTAGTGCTTACAGAATTCAACTCTCTCAGTCTTGTATGCACATTTTTTTTCTTGTAA,1
ATGGAGCAGTACGAGAAGGTGGAGAAGATCGGGGAGGGCACGTACGGGGTGGTGTACAAGGCCCGGGACCGGGCCACCAACGAGACCATCGCGCTCAAGAAGATCCGCCTCGAGCAGGAGGACGAGGGCGTCCCCTCCACCGCCATCCGCGAGATCTCGCTCCTCAAGGAGATGCAGCACGGCAACATCGTCAAGCTGCACGACGTTGTCCACAGCGAGAAGCGCATATGGCTCGTCTTCGAGTACCTGGATCTGGACCTGAAGAAGTTCATGGACTCCTGTCCAGAGTTTGCCAAGAGTCCCGCCTTGATCAAGCTTGCAGACTTTGGTTTAGCAAGGGCATTTGGAATTCCTGTCCGTACATTTACTCATGAGGTAGTAACATTATGGTACAGAGCTCCTGAAATCCTTCTTGGAGCAAGGCAGTATTCCACACCAGTTGACGTGTGGTCAGTGGGCTGTATCTTTGCAGAAATGGTGAACCAGAAACCACTGTTCCCTGGCGATTCTGAGATTGATGAACTATTTAAGATATTCAGGGTACTCGGCACTCCAAATGAACAAACTTGGCCAGGCGTGAGCTCCTTGCCAGACTACAAGTCCGCCTTCCCCAGGTGGCAGGCAGAGGACCTTGCAACCGTTGTCCCCAATCTTGAACCTCTTGGCCTGGACCTTCTCTCGAAAATGCTTCGGTTCGAGCCAAACAAGAGGATCACGGCCAGGCAGGCTCTTGAGCATGAGTACTTCAAGGACATGGAGATGGTGCAGTGAGCTCGCTATGTGGTAGTGACTGGCATATGTATGAGCTGAGCTGAGCTGCTCGTTTCATTCCTTTTGTGAACGCTCTGCCTTCCCCTTTTCGGCATTTTTGTCTGTCAACTGAATATTTCAGATCTGGTGTGTTTGAGGTGCACTCAGGATTGCTACTAAATAGATTACCATCTTGGTCTCTATCTTGTTCAACGTAAATATTGTCATGTGTTCATTTTTCAACGAGGCA,1
TGAGGAGGAGAATCAGAGAGTAGTGCAACCTATCATATCATCTGCTTCTGATAAATCAAAAGGGCACTGCATCAGCCCTGATAAGGAATGCGAGAATGGGGAAAACACTAATGAGGCTAATTCTAACATTGAAGACTCTCCAATGGATGTGGTTGCAACCCCCATAACTCCTGATGCTGTTGGTAATGACACGAGTCGACAAAATGGCTTTGGATCTGATGCTCATCTTGATGAAATCGATCAGAGGGATCTCATCAGGGATCTTAACACGTCAGCCAGCTTACCTCCGAGCAGATGCCAAGCCTTTAAGGACGCGATGAAACAAGGAGTTATTAGTCCAAGTGATATTGAAGTTACATTTGAGAATTTTCCCTACTATCTTAGCGAGAATACGAAGAATGTGCTCTTATCATGTTCATTCCTACATTTGGAAAAGAAGGAATTCATTAAGCAGTTCTCCGAAATTTCATCAATAAACCAGCGAATTTTATTATCTGGTCCATCAGGTTCTGAGATTTATCAGGAAACATTGATAAAGGCACTTGCCAAACATTTTGGTGCTAGACTACTTGTTGTTGATTCACTCCTGTTGCCTGGGGTGCCTTCAAAGGACCCAGAAACCCAGAAAGATGTTGGCAAGGCTGATAAGTCAGGGGACAAGGCAGGTGGTGAGAAATTGACAATTCTTCATAAGCATCGCTCTTCCTTGGCAGACACAATGCACTTCAGAAGACCAGCTGCACCAACTTCCAGTGTGAATGCTGATATTGTGGGTACATCCACTCTACATTCTGCAACTTTGCCCAAACAGGAGTCCTCAACAGCTACATCCAAGGGCTATACTTTTAGAGAAGGGGAGAGGGTGAGGTATGTGGGTCCAGCTCAGCCACCTTCAGGGATACATCGGGGCCCAAGTTACGGTTATCGAGGCAGAGTGATGCTTGCTTTCGAAGAAAATGGATCGTCTAAAATTGGAGTCCGATTCGACAAGCAGATCCCT,1
TGGATTTCTTGGCCACTGTTACTGAAGTACATCCTAGCCTCAATGACTCTGTTGGTGCTCACTCCAAGAGTGTTAGTGATGAAACAATATCCAGGCTGTCTAAGATGGTGACCGAACTTAAAGAAGAGAAAGTTAAGAGGCTCGGAAAGATTCAAGCTCTAGCTTCCCAGCTAACTGAACTTTGGAACTTAATGGATGCCACTGTGGAGGAACGGCAACTTTTTGATCATGTCACATGCAATATGTCCTCAACATTGGATAGAGTGACAGTTCCTGGAGCTTTGGCTCTTGATGTAATTGAGCAGGCTGAACTTGAAGTTGAAAGGCTGGATCAGCTAAAAGCTAGTAGGATGAAGGATATTGCATTCAAAAGGCAGACTGAACTTGAAGATATATATGCCCAGGCTCATATTGCAATAGATACTAGTGCTGCAAGAGATAGAATACTGTCTGTTATTGATTCTAGTATGTTCGAGCCATCAGAACTACTGGCCGATATGGAGAACCAGATACTTAAAGCAAAAGAGGAGGCCTCGAGCAGAAAGGACATATTGGAGAAGGTTGACAGGTGGATGCTAGCATGCGAAGAAGAGAGTTGGCTTGAAGACTATAGCCGGGATGATAACAGATACAGTGCAACTAGAGGCGCACATCTGAACCTCAAGCGTGCAGAAAAAGCTCGTGTTTTGGTTAATAAAATCCCAGCCATTGTTGACATGCTGGTGGCGAAGACCCAGGCTTGGGAACAAGAACACAACACATCATTCACCTACGACGGTGTCGCGCTTCTCGCGATGCTGGACGAATACAGAATCCTGAGACAGGAGAAGGAGGAAGAGAAGCGAAGAATGAGGGACCAGAAGAAGATAAACGACCAGCTAGCCGCCGAGCAGGAGAAGCTGTTCGGGTCGAAGCCGAGCCCAGCCCGGCCGCAGTCTGCAAAGAAGATGCCTGGCCCTCGGGCCAATGGCGGCGCTGTCAACGGCACACCGAACCGGAG,1
ACATGGATATTATTCATTAGGAAGGTGCAAAGAGGTTGATCGGATTTTCAAGGAAATGTCTAGAAATGGTGTTCAACCAGATATTGTAACTTACAATATACAGATGGATTATCTTTGCAAGAATGGAAGATGCACAGAAGCTAGGAAGATTTTTGATTCCATAGTCAGTTTGGGCCAAAAACCGACTGTTACTACCTATAGCATTTTGCTTCATGGGTATGCTCTGGAACGATCTTTTCATGAGATGCATTGTCTCATTGATTTGATGGTGGGAAATGGTATTGCGCCAGATCATTTTGTCTACAACATACTCATATCTGCATATGCTAAAGAAGAAATGATTGGTGAGGTAATGCATATATTTAAAAAAATGCGGCAGCATGGATTGAACCCTGATGTAGCGAACTATGGAGCGGTAGTAAACTTACTTTCCAAGATTGGCCGAATGGATGATGCTATGTCCCAATTCAATCAAATGATAACTGAAGGGTTAGCTCCTGATATCATAATTTTCACCCCCCTTATTAGTGGTTTCTGTTCTTGTGGCAAATGGGAGAAGGTTCATGAACTATTTTCTGAGATGTTGGATCGCGGCATCTGTCCCAACACAGTGTTCTTCAACACAATTATGGACCGCCTTTGCAAAAATGGAAGGGTTATGGAAGCCCAAGATCTCTTCGACCTGATGGTACACATGGGTGTGAAGCCTGATGTGTGTACTTATAACAAACTGACAGGTGGATACTTGTTCATTGGTAAGATGGATGAAGTGAGCAAGCTACTTGACAATATGGTCTCAATTGGCATGGAACCAGATGTTATCACCTATAACATACTGATTGATGGTTACTCTAAGAATGGAAAGATAAATGATGCATTGGTTTTTTTTAGGGAAATGTTGGAAGGGAAGGTTAAGCCTTCTGTTATCATTTTTAATATTATGATTGGTGTGTTGCTTAAATGTGGCAGGAAGGAAGAAGCCAAAGATTTGTTTGATGGT,1
ATGCCAGATCCCGACGCGGAGGTGATCGCGCTGTCGCCCAAGACGCTGATGGCGACGAACCGGTTCGTGTGCGAGATCTGCAACAAGGGGTTCCAGCGGGACCAGAACCTGCAGCTGCACCGGCGGGGCCACAACCTGCCGTGGAAGCTCCGGCAGCGGAGCGGCAAGGAGGTGCGCAAGCGGGTGTACGTGTGCCCGGAGCCCAGCTGCGTGCACCACGACGCCTCCCGCGCCCTCGGCGACCTCACCGGCATCAAGAAGCACTTCTGCCGCAAGCACGGCGAGAAGAAGTGGAAGTGCGACAAGTGCTCCAAGAAGTACGCCGTGCAGTCCGACTGGAAGGCGCACGCCAAGACCTGCGGCTCCCGCGAGTACCGCTGCGACTGCGGCACCCTCTTCTCCCGGAGGGACAGCTTCATCACCCACCGCGCCTTCTGCGACGCGCTGGCAGAGGAGAGCGCCAAGGCGCGCGCCCCGCCGGCGGAGGACGGGAGCTCCGGCGCTGCTGCCCCGCCTGCTCTACCGCCACCACCAGCCGCTCCGGTGCCACTGCAACAGCTGCCGCCGGCGCCCGCGCCGCAGCAGCACGAGGAGCCAGAGCGGGAGATCGGCGCCGCCGCGCCTGAGCCTGTCGTCCAGTACACGCCGCCGGCGCCGCTGATGCCGTCCCCGCCCTCGGTCAACGGCGCCAATGTCAGTGCCAGCACCAGCAGCGTCGCGGCCACGTCGCAGAGCCTCCTCGGCAGCATGTTCGCGCCGTCTTCCGTGGCCCAGGCGCCGCAGTACCCGGAGCGCGCGCTGGCGGCCAAGCCCCCGTCGCTGTGCCTCGCGACCGACGCCGCGTCCGCCCAGTTCTCGGCCCCCGCGGCTGACCGGCAGCAGCAGCAGCTCCCACCGCCGTCGCCGTCCCCGTCGGCGCACATGTCGGCCACGGCGCTGCTGCAGAAGGCGGCGCAGATGGGCGCCACCTCGTCGAGCTCCTCGTTCCTGCGTGGGCTGG,1
TCTCCGGCGGCGATGGCCCCCAAGCGCGCCGCGAAGAAGGCGGCACCCCCGCCTCCGCCTCCGCCTCCGGCTGCCTCCTCTGAGGAGAGCGAATCCCGCTCGCGCTCCGAGGAGTCGGAGGGCGAAGACGCCGAGTCCCCTCCCCCCGCCCCCACCCCGGCCCCCAATAGCACGCCGGCGCCCCCGCAGGAGGGAGAGGAGGAGGAGGAGGAGTCTGAAGAGGAAGACGAGGAGGAGTCTGATGAGGAGCCCGCCCACGCGGCCCCAGCCGCCGCCGCCACCCCCAAGAACAAGCCTCCGCCGCCGCAACAGGGAGGTGACTCCGATTCTTCTTCCGACGAGGAGGAGGAGGAGCCCACCAAGGCGGCCCCTCCCTCCGCCCTGAAGAAACAACCCCCGCCGCCGCCGCCGCCGCGGCAGAGCGAGGAATCGGACGCCTCCGACGAGGAAGAAGAGGAGGGTGAGTCCGAGGAGGAGGCGCCGCCGCCGCCGCCGCCGAAGCTTGCTCCAAAGCAGGCGCCAGAGGGCCGGAAGCCCCAGGCAGCGGCGGAGACCAAGAAGCCGGCCGCTTTCAACCGCATCTGGTCCACCGACGACGAGGTGCGTATCCTCGAGGCCCTTGCTGCTCACCAAAAGCAGCACGGCACGCTGCCGCAGCCGGACGCCCTCGTGGACGCCCTTGCAGGAAAGCTCGACAACCGTGCCTACGGCAGCAAGGAGCTCCAGGGGAAGGTCTTGGCCCTGAGGCGTCGGTACCTCCTTCTCAGCAAGAAGGGCGAGCCCCCGAGCAAGGAGCATGACCGCCGGGTGCTGGAACTTTCCAAGATGGTCTGGGAAGGCGGTGACACGGCCGCAGCTGCCCCTGCGAAGGCGGCAAATGGCCAGGAGCCAAAGGGGTTCGAGGAGATGTGCGAGCTGTATCCGTACCTGGCGGAGCAGGTGAGGGAGCTGGATGCGGCGAACCCGGGCATCTTCAAGAGGCAGTTCGGGATGATGGACG,1
ATCCCTACAAGCATATCATCTCTAACGTCACTAACCCGCTTGAACTTGTCATATAATGATCTGACTGGGAATATACCATCGGGGAACCAATTAAGAACACTAGAGGACCAAGAGTCTATATATATTGGCAACCCAGGTCTATGTGGTCCACCTGTCCCAAGGAATTGCTCACGAACTGACATAATTTCATATGCTCCCCGAGTGCATAATGAAGGAATGAGTGATGTGGTTTCATTATACCTCAGCATGTGCATAGGATTTGTAGTAGGTCTATGGATTGTCTTTTGTGGTTTCTTGTTCAAGAGAAAATGGAGGATTGGTTGGTTCTCGTTTACAGACCACATGTATGATCGAGCTTACATGCACGTGGCTGTGGGTTGGGCTTCACTGGCAAGAAATATCCATCAAGGGTGAGGTCTCATATGTTGGAGCTTATGTAGGTACCTACTTTCCTCTGTCCTAAAATAAGTGTCATGCTTTAGTTCAAATTTGTTCAAAATAGTGGTTTTAATGATTATTGTTGCGTGTAATGCTTTTCTTTGGTTTATAACTTAGCATGATTAATATTGTTGGAGATATTGTATGTCTACTCGGTAGTGTATAAACCGAATATATAATCTAGAAGGCCTAGGAGCGTGTGTGTGCTGTTGTGCGTGGTTAGTTAGCTGAG,1
ATGTACCACTTCATCAGCGGCTACACTGCTCTCGTTGCCGGTACAGAGGACGGCATCAAGGAGCCGCAGGCCACCTTCTCGGCCTGCTTCGGCGCGGCGTTCATCATGCTCCACCCGACCAAGTACGCCGCTATGCTCGCCGAGAAGATGCAGACGTACGGCGCCACCGGGTGGCTCGTCAACACCGGCTGGTCCGGCGGAAGGTACGGCGTCGGCAAGCGGATCAAGCTGCCGTACACCAGGAAGATCATCGACGCCATCCACTCCGGCGAGCTCCTCACGGCCAACTACCAGAAGACCGAGGTCTTCGGCCTCGAGATCCCCACCGCCATCGAGGGCGTGCCGTCTGAGATCCTCGACCCGATCAACACCTGGACGGACAAGGCAGCGTACAAGGAGACGCTCCTGAAGCTGGCCGGCCTGTTCGGGAAGAACTTCGAGGTGTTCGCCAGCTACAAGATCGGGGAGGACAGCACCCTCACCGAGGAGATCCTTGCTGCTGGACCCAAAGTCTGATTTCCCGCCAAGCAGATGAAAAGCGCGATGCGGTGGAATTGTGTTTTTTCAGAATAAAGCAGTGGTGTGTGTGTGTGTGTGCTGTGTAGGTCGATGATGATGACGAAAAATGGGTCCATGTGCGGGGGGTACTAGTAGAGTTGGTTCCGTATATTTTTCATGCGCAATGTTAAGTTTCTGTCACAGATTGGTGCTTGTTTTGGCTATGTATAGATGCACTGTGCTTTCATATTTGGAACTCGGATCGGTCTGCCTGATATGATCGTATGAGTGTATGACCCTGTCTTCTCCCCTGTTAATGCATAGCACCATATTATTCTGCTTGGG,1
ATGGACGGGCCTTGGGCGTGGGAGGAGCACATGCCGGCGATAGCGAATCACGGGTATTGGGCATGGGGGGAGCACATGGCGGCGGCGATCGCGGGCGGCGACGAGAAAAAGATGACAATGCTTCGCCATATCTACATGTGGTACAAGGATGCGAAGGAGATGCATCGGGATTCTCGCCTGGTGATTCGAGAGGCTTTGAAGGAGGAACAAATTCATATCAAGGGGAAGTCCCCACTCGAGATCATCTATTGGGCGATGATGGAGGGGAAATCCGATGATCTGGGGCGCGCATGGTGGAAACCCTACGCGTCACGCGATTGGGTTTTCTCCGCCCTAGACAGGGATGATTTGGGGGTGGTGATCATGACAGTGAGGTCGTCGCCACGCAGTCGGGCGATGCCCGTCGTGACCGACGACGGCGTGCGGGTGGTGCCGAGGCAGAAGGTGGCCCGGGTGGTTTCACAACTGCCACGTCGCTCTCCTCGGTTCCCCCGACGTTCTGCACGGATCCAGTCGCTTGCACGGAGCGTCGACGATGAATAG,1
ATGATGGGGTACCAGAAGGGCGTCGACATCGAGGCGGGGACCTCCGGCGGCGGCACCGGCACCACCGCGCCGACCCGGGGGCTGTACCCCGGGATGACGGAGAGCCCGGAGCTGCGCTGGGCTCTCATCCGGAAGATCTACGTCATCCTCTCCCTGCAGCTCCTCCTCACCGCCGTCGTCGCCGCCGTCGTCGTCAAGGTCCGCGCCATCCCGCACTTCTTCGTCTCCTCCAGCGCCGGCCTCGGGCTCTACATCTTCCTCATCATCTTCCCCTTCATCGTGCTGTGCCCGTTGTACTTCTACCGCCAGAAGCACCCGGTCAACCTGCTGCTGCTTGGCGTCTTCACAGTGGCCATCAGCTTCGCTGTGGGCATGACATGTGCCTTTACTAGCGGCAAGGTCATTCTGGAGGCCGCGATTCTTACAACAGTGGTTGTCTTCAGCCTCACTGCTTACACCTTCTGGGCCGCAAAGAGGGGCCAGGACTTCAGCTTCCTTGGTCCTTTCCTATTTGCTTCTCTCATCATGTTGCTCGTCTTTGGGTTCATTCAGATCCTCTTCCCGATGGGCAAGCTCTCTCACATGATCTATGGCGCATTGGCGGCACTCATCTTCAGTGGCTACATTGTCTATGACACGGACAACATCATCAAGCGTTACACCTACGACGAGTATGTCTGGGCCGCCGTCTCGCTCTACCTTGACGTCATCAATCTGTTCCTGGCCCTGCTGACCCTGTTTAGGGCGGGTGACAGCTAA,1
ATGGCGTCTGCTGCTGCGCTCCCGGAGGCGGCGGCGGTCCAGCCCCAGCCCAAGAAGAAGAGCAATTTCAAGTACGCCTGCACGTGCGCCCTCTCCGCTTCCATGGCCACCGTCGTCCTCGGCTATGACGTCGGGGTGATGAGCGGGGCGTCGCTGTACATCAAGGAGGACCTGCGGCTGACGGACGTGCAGGTGGAGATCATGATGGGCATCCTCAGCGTCTACGCGCTCCTCGGCTCCTTCGCCGGCGCCAGGACGTCCGATTGGATCGGCCGCCGCTACACCGTCATCATCGCCGCCGCCATCTTCTTCGCCGGCTCCTTGCTCATGGGCTTCGCCGTCAACTACGTCATGTTCATGTTCGGCCGCTTCGTCTGCGGCATGGGCGTCGGCTTCGCCATCATGGTCGCGCCCGTCTACACGGCCGAGGTGGCCCCGGCCTCCACCCGCGGCCTCCTCACCTCCTTCACCGAGGTCTTCATCAACGTCGGCATCCTCCTCGGCTACGTCTCCAACTTCGCCTTCGCGCGCCTCCCGCCCCACCTCAACTGGCGCATCATGCTCGGCATCGGCGCCCTCCCCTCCGCCTTGCTCGCGCTCATGGTGCTCGGCATGCCGGAGTCGCCCCGGTGGCTCGTCATGAAAGGCCGCCTTGCGGACGCCAGGGTCGTGCTGGAGAAGACCTCCGACACGCCAGAGGAGGCCGTGGAGCGCCTTGACCAAATCAAGGCTGCCGCCGGCATCCCCCACGACCTTGACGGCGACGTGGTCGCCGTGCCCAAGAGAAAAGGCGGCAACGAGAAGCAGGTGTGGAAGGAGCTCATCTTCTCGCCCACCCCGGTCATGCGCCGCATACTGCTCGCGGCGCTCGGCGTCCATTTCTTCCAGCAGGCGACGGGCTCCGACTCGGTCGTGCTCTACAGCCCACGCGTGTTCAAGAGCGCCGGCATTACCGGCGACAACCACCTGCTCGGCGTCACGTGCGCCATGGGGGTCACCA,1
ATGGACGGAGACCAGAGGAGGGAGCTGGCCGCGATCGCCAGGCCAGCGCGCGCGCAGGCGGACAGCCCGGCGCGGCGTCTCATCGCCTGGCTGCAGCTTCTCTTCAAGGCGTTAGTTCAGAGGCATAGCTGGCTGGCAAGGTGGCAGGTGGCGGGGCGCCCGGCGCTGCTGCTCCTCTTGGCCTTCTTGGTCCAGAAGAACCTTCGCCGCTCCTGCCTGTCATGGCACAAGTCGCGGCTGCAGAGGCGCGCTGCCGCGGCCGTCACTGTGCAGTCGGCGTTCCGGGCCATGGCGGCTCGCCGCGACCTCCTTCTCCGGCGGCAGACCAGAGCAGCCGTATACATCCAGGCGCAATGGCGCGCGCGCAGGGCGCTGTGGAGCTACCTGGCCATGAAGAGAGCCTCGGTGATCTGCCAGTGCGCTTGGAGGCAGAGCATTGCGAGGAGGCAGCTCGGCAAGCTCAGACTGGCCAATGTTGAGAGGGAGAGGCTCGATGAGATCTGCAGGCTGCACGAGATGGTGGATGTGCTGCAGCAGGCGGTCGAGGACGCGGAGGTGAGGGTCATCGCCGAACGGGAGGCAGCGGTCAAGGCGATAGCGGAGGCGCCTCCGGTGATCAAGGAGACTGTGGTGTGGGTGGAGGACGCCGACAAGGTTAACTCGTGGAACGCCGAAGTCGACCGACTCAAGGGGTTGCTGGGAGCAGAAATGCAGGCCACCGTTGACGCCAAGAAGGCCCTGGCAAAGGCTGAACTGAGGAATGAAAAGCTGGCTAGGTTGCTTGGAGTTCAGGAGATTAAGAACAAAACGCTGCAAGATTCCGTCAAAAGGATGGAGGAGAAAGCTTCCGACCTCGAAGCAGAAAACAGAATGCTTAGACAGGCCGTTGCATCGACCCCTTCGGTCAAGTCACCATCTAGTGAAAACCACAGAGCACATGATCTTCAGGCAACTCCATTGAATGAGAAAACAACAAATGGTGCCGTTAAGCCGATGATAG,1
ATGGTGGCCATTCGTGTGCTGCTCCTTGCAGGTGCTCTCTTGGCCTTTGCATGCTCACAGCATGGCGTCGCCGCCTCCGACCCCAGCCTTCTCCAGGACTTCTGCGTCGCTGACAAGACGTCTCAAGTGCGTGTCAATGGGCTGCCTTGCAAAGCTGCGAACGAAGTCGTCGCCGAGGACTTCTTCTTTTCTGGCATCCATCTGTCCGGCAACACGGCGAACAAGCAGGGCTCCGCGGTGACCGCCGTCAACGTCGCGCAGATTGGCGGCCTTAACACCATGGGCATCTCTGTCGTCCGCATTGACTATGCGCCAAACGGCCTCAACCCTCCTCACAGCCACCCGCGCTCCACCGAGATCTTGACCGTGCTAGAGGGTTGTCTCCACGTCGGCTTCGTCACCTCGAACCCTGACAATAGGCACTTCACCAAGGTTCTCGCCAAGGGAGACGTGTTTGTGTTCCCCAAGGGCCTCGTCCATTACCAGTTCAATAATGGGAATACTCATGCGGTGGCCATCGCGGCGCTGAGCAGCCAGAACCCCGGAGTGATCACGGTAGCCAACGTGGTGTTTGGATCGGAGCCTGCCATCTCAGATGATGTTATCACCAAGGCATTCCAGGTGGAGAAGAACACTGTAGATTGGATTCAAGCACAGTTCTAA,1
CGCCACGGACGTCGCCACGGCGGAGCAGGGCAACATCGACATGTACAGCCTCTACACGCCCGTCTGCAACATCACCTCGTCGTCCTCCTTGAGCCAGCGGCGGCCCAGGGGGCGCTACCCATGGCTGACTGGATCGTACGACCCGTGCACGGAGCGGTACTCGACGGCGTACTACAACCGGCGGGACGTGCAGATGGCCCTCCACGCCAACGTCACCGGTGCCATGAACTACACGTGGACGACCTGCAGCGACACCATTAACACCCACTGGCATGATGCTCCGAGGTCCATGCTTCCCATTTACAGGGAGCTTATTGCAGCTGGCCTAAGGATTTGGGTCTTCAGCGGCGACACGGACGCGGTAGTCCCCTTGACAGCAACGAGATACTCCATCGGTGCTCTGGGTCTTCCAACTACCACCAGTTGGTACCCTTGGTATGACGACCAGGAGGTTGGCGGTTGGAGCCAGGTGTACAAGGGCCTTACACTGGTGTCCGTCAGAGGTGCGGGCCATGAGGTTCCTCTGCACCGCCCGCGGCAAGCGCTCGTACTGTTTCAGTACTTCCTGCAGGGCAAGCCCATGCCAGGCCAGACCAAAAATGCGACGCTGGCTTAA,1
CTGCGTGCCAAACCGAAAGCGACTCGTCGTCCAGCCACCCCTTATAACACAGCGGCCTTCCCTAATTTTCAGCCACCTACCTACTCGCGCGCACAAGCCGCGAGCGAGGCACCCAACCACCGCCGGCGGCCGCGGTCGGCAATGGAGCACTACGAGAGGCTGGAGAAGATCGGCGAGGGCGCCTCGGGCGTCGTCTACAAGGCGCGGGACAGCCGCACGGGCGCCATCGTCGCTGTCAAGCGCCTCCGCGGCGGCGGCTTCGGCGACCACGACGGCAGCCGGCTCTCCGAGGACCTCCTCCGCGAGGCCGCGTGCCTCGAGGCCTGCCGCGGCCACCCGTCCGTCGTCGAGCTGCGGGCCGCGCACCGCGACGGCGCGGGCGGCGCGTTCCTCGTGATGGAGTACGTCGGGCCCAGCGTGGCGCAGGTCATGCGGGAGCGCGGCCGGCCCTTCCCCGAGGCCGACGCGCGCCGGCTCATGCGCCAGCTCCTGGACGGCGCCAGGGCGATGCACGACCTCGGGGTCCTGCACCGCGACCTCAAGCCGGACAACGTCCTCGTCGACGCCCACGGCGACCTCAAGATCTGCGACTTCGGGATGTCGCGCTTCGCCGCCGGAGGTGCCGCGACGGCACCGCCCTACACGTCGCCCGTGGTCACGCTGTGGTACCGCGCGCCGGAGCTCCTGCTTGGCTCCACGGAGTACGACGCGCGGGTGGACACGTGGGCGCTCGGGTGCATCATGGCCGAGCTGCTCGCCGGCGCGCCGCTGCTGCCGGGGAGGTCGGAGATGGACCAGCTGAACAGGGCGTTCGACACGGTCGGGGCCGACGACATGACGGACTGGCCCGGCTTCAGCCGGCTCCCGCGCGCCGGCTCGCCGCTCTGCCAGCGCAGCAGGCCGCCGAGCCGGCTGCGGGAGATGTTCCCGTCGCTCTCCGCCGCGGGCTTCGACGTCCTCAGCGGGCTGCTGGCATGCAGGCCGGACAGGAGGCTCACGG,1
GTGTTGATAGCAACCTAGTTCCTATTTTGAGGGGTCTTTGGTTCGAATATTTGTTCATTCACTTATTTGAATTCAAAATTCAACTATAAAATTCACTCGAAATATTCTCGGTATTTCTCGATAACCATGGTAACCAAAATTTATCAGTCCTCCTCGGTAAAATTGCCTCATTCGGTGACCAAAATCTTGGGCACCACACTATCCTTGCATGAAACATTTCCATACCATTTTGTTTTATCCCGCTACAGTTAACTACCAGCTACCACTTCATAGCTCTAGTTATCTGCGTCGCATCGCTGTAAAATTTTCTGTTGGGCTGAATGCATGCATAATACCATATTATATACTACTCGGCATTTTACATTGTACTAACCAATCAACGGTCTTGCAGTTCTCCTTCAAAAAATATTTGGCAAATATGGTCCCCTGTCTCGCAATTGGCCCCAACATTGCAATGGCCAATAGGATGAAGAAGATGAGGGACGACCTAAAGGTCATAACAGATCAATACAAGGAATTGAAGTTAACAGAAGGCACCAATGCCAAAGAGCCAGAGGTTACCGATATACGTGAAACATCATCAACCTTGGAGACACAAATCATTGGGAGGACCGAGGAGAGAGATATAATAGTGGCCTCTTTATTTAAGAGCAAGACAAAAGATATCGCAATCCTTCCTATATATGGCATTGGAGGCCTTGGCAAGACAACCTTAGCGCAAATGGTTTACAATAGTACCCAATCAATGGGATACTCTCAAGTGTGGGTTTATGTGTCCCAGACATTTGATTTGAACAAAATTGGAAATTCTATAATATCACAACTATCAGAGAACGGAAATGAAAGTGGCTACAATGAAATGCAGATGATCCATAATTCCCTTCAAAAGCTCCTTGCCAATAAGAATATTCTGGTTGTTTTAGATGACCTATGGGAAGACAACAAATCTCATTTGGAGAAGTTACTGGGCATGTTGAAGGTTGCAGAGAACAGCAAGGTG,1
TTTATAAATCTGGGGGAGTTGCATTCTCGGATTCAAAAGTATGATGATGCAAAACTTTGCTACGAAAGAGCCCTTCAAATAACAAAGGGTTTGGAAGATGAAGATGCACTAGTTGATCAAATTCATCAGAATATTGAAACTGTTATGAAAGCAGCTGAAGTTCTTGAAGAGTTGAAGAAAGACGAGCAGAAACTGAAAAAGCTTGTCAGAGATACTTCCAATGCTCGTGGAACATTGAACGAGAGAAAACTCCTCTGTGAGCAGCATGCATGGCTGGATAATCTTATTGAAAAGGCAAGAATGATATCTGCATGGTCAAAACACAAGGAATTTTCGAAAGCGAAAAAGAGAGTAACAAATGAACTTCGCGAGAAGGAAAAACAGAGTGATGCTCTTTTGTCCATAGGAGAATCATACCAAAAGCTTAGAATCTTCGGCAAAGCTCGTAAATGGTACATGAAAAGCTGGAACATGTATCGATCGATTGGAAACTTAGAGGGGCAAGCATTGGCAAAAGTGAACATTGGTAATGTTCTGGATTCTTGTGGTGACTGGGCTGGTGCGTTGCAAGCTTTTGAAGAAGGCTACAGAATTGCTGTGGAAGGGAATCTGCCAAATGTGCAACTTTCTGCCCTCGAGAACATGCATTACAGTCACATGGTCAGATTTGATAGTGTAGAAGATGCCAAGAAGGTACATGAAAAAATAGAAAACTTGAAGCAAAAATTGAATCAGCACGGAGCAAGGGATACTGTAAGTGATTATTGCTCAGAAACTGAATCTGAAGGTGGTGATGCATCTGATAAAATGCTTGATCAAGAGGACAGTGATGGGCATGCTGCAAATACATATTCTGAGGAACCTGATGATCATGTTGTTCTTGCTTCACTGGTTCATAGAAGTAGGAGCTCATCCAATACGAAGGCATCCAAGATACATAGCATCCAGAAGAAGGTTGATAGATCATGTGATATGGATGAGCGCACTAGAGAAGTTTTAA,1
TCAAGGTGGCCACCGAGCGGGGCCCCTTCGGCATCCACTACGCCAGGATCTACGCCGACGGCGTCGAGGTGTCCCACCCCGAGCTCTACAACGACGGCCGCTACGTCGTCCACGGCCTCCACGGCTTCCTGCGCCCGCTCACGCACTCCTGCTTCGACGGCCCGCACCACCACCACCACCTCACCGGCCGCTCCGCCGCATCCTCCGCGGCCACCGCTGCCTCCGTGGTGCGCATCATGATCCGCGACGCCATGGCGCGACTCCGCGACGGGGGCTACGGCTTCATGGCGCTGGCCATGCGCGTCAAGTTCGCCGAGCTCGAGAAGTACGCCAACCTGACGCTCTTCGCGCTCGACGACCCGGCCATCTTCGTCGGCGGAGGCCACGACTACGTCTCGGCGGTGAGGTTCCACATCGTCCCCAACCACCGCCTCACGCGCGCCGACCTCCACCGCCTCCGCCCCGGCACGGTCCTCCCCACGCTGGCCGGCGAGGGCCAGAGCCTCGTCGTCACCCACTACGCCACCGACTCGGCCTCCAAGTCCAACGACGTCCGCATCAACTACATACCCATCAAGGAGCCCGACGTGGTGGTCAACTCGCGCATCGCCGTCCACGGCGTCTACGTGCCGTTCCCCCGCCTCCACCTCGCCGACCTCGCCGTCGCGTCCGCCACCGACCAGACGAACGGCACCTGCGGCGTCGGGGGGGCCTTCGGCGACTGCGCCTCCTCAGCGATCACCTCTCCCGGCGAGTGAAGCGTGAGTCGTCCCGATCGTTTTGCTCTGTTATGTTTCTAGCCATTGAGGATTTAGTGCTAGTAGTGCGTAGTGGTTCGGATGACAGATTGATCACTCGTTTAGTTCATAGAGTTTCAGATTAGAGATTGGGCAGTGGTGGTGATGAGTACTGTGTTCTTCTGATCACATTTTGGCACCGAATGGATGTTGCTCTGTTCCCACTGTTTAGATGGGAATTTGATTCATCATCTCGTTGCTCT,1
TGTTTACGTCGCCCTAGGAAGCGAGGTGCCGCTGCGCGTGGAGCAGGTGCACGAGCTGGCCTTCGGGCTGGAGCTCGCCGGGACGCGCTTCCTCTGGGCCCTGAGAAAGCCTAGCGGTGCCGCTGTACTCGACGACGATGGCGTGGACATGCTTCCTCCTGGTTTCCAAGAGCGCACTCGCGGCCAGGGGCTGGTGACCACGGGATGGGTTCCTCAGGTAAACATCCTGGGGCACACGGCCGTGGGCGGGTTCCTGACACATTGCGGCCGGAACTCGCTGATCGAGGGCCTCATGTTCGGGCACCCGCTTGTCATGCTGCCCATCTTCGGCGACCAAGGGCCAAACGCGCGGCAAATGGAGGCGAAGAACGTGGGGTTGCAGGTGGCGAGGAATCAGGACGACGGGTCGTTCGACCGCCACGGCGTCGCGACAGCGGTCCGGGCCGTCATGGTTGACGAAGAGGCCAGGAGGGGCTTCGTGGCAGGTGCAGCGAAGATGCAGGCGGTAGTAGCTGATACGGAACTTCACGATAGGTACATCGACGAATTTTTCGAGCACCTTAGATCTTACTACGCCGCTTCATGTGCAAACTGA,1
ACTCGTCCATCCATCGATCGAGCAGCCACTTCACACCAGCAAGTGGCAGTAGTTCGATCCAGAGGTTCAAGCATGGCGGCTCCGAGAGCACTCGCCCTCTGCGTCCTGCTGGCCATCGCCGTCGCCAATGCGGAGGCGGCGTCCGTGGTCGTCGGCCTGGCCAAATGCGCCGACTGCACCAGGAAGAACATGAAGGCCGAGGAAGCCTTCAAGGCTCTGCAGGTGGCGATCAAGTGCAAGAACAGCGCCGGCGAGTACGAGAGCAAGGCCGTGGGCGCCCTCGACGGCACCGGCGCCTTCAGCGTGCCCCTCGCTTCTGACCTTCATGGCGCCGACTGCGTCGCTCAGCTCCACAGCGCCGCCTCCAACGCGCCGTGCCCCGGCCAGGAGCCGTCCAAGATCGTGCCGGTGTCTGACGGCACAACCTACGGCGTCGTCGCCGGCGAGAACACCGCCACGTCGTCCGCGGCGTCGCCCGAGTGCGCGTCCATGACCCTGTGCGGGCCGATCAAGAAGCACATCATTGAGCACTTCCACCATAAGAAGCCCGTGCCGCCCAAGCCGGAGCCCAAGCCCCAGCCCCACCCGGACTACGGCCCCGTGCCCAAGCCGGAGCCCAAGCCGCAGCCCCACCCGGACTACCACCCTGTCCCTCCCACGCCCGCCTACGCCGGCGGCGGCGACGGTGGATACCACGGACACCACTGACTCAGAGTCTCAGATCAGCCACCGTACGTCCAGCCCGGCACTGAAATCTATCACCGGCCGGTTCATGGTCAGTGAGTGATCGACGTCGTTGCTATTTATGATGCGTTGCATGCGTGGGAATTGTTTGGTGCTCCGCCATTCGCTGCTCCGTTTTACTATGTGCATTACAGAATTGAGGGTTCAGAATAACAGTCATGTACTACGAGTGTATCAGGCGAGTATGAGGGGGTGGTTTGTGTGTTGCTTGCTTTATCAAGATTTTGTAATTTCAGTGTGTATTTTGTATAACAAG,1
TGAGAACTGTATGGCTGGATACAACAGCTGCGTCTTTGCATATGGGCAGACTGGAAGTGGAAAGACATACACGATGCTTGGCGAAATTAGTGATCTGGAAGTGAGGCCTAGTCCAGAACGTGGAATGACACCACGTATTTTCGAGTTCCTGTTTGCGAGAATTAGAGCGGAGGAAGAGAGCAGGAGGGACGAAAAGCTCAAGTACAACTGCAAGTGTTCTTTTCTTGAGATTTACAATGAACAAATTACAGATCTTCTTGACCCTTCATCCACAAATCTTGCACTCCGAGAAGATATAAGGAATGGAGTATACGTAGAAAATCTGACTGAACTTGAAGTTGGCTGTGTCAATGATATCATTAAACTTTTGATGCAGGGCTCTATGAATAGGAAAGTGGCTGCTACAAATATGAACCGTGAGAGTAGCCGCTCCCACAGTGTGTTCACGTGTATTATCGAGAGTACGTGGGAGAAAGATTCTACAACTAACTTACGGTTTGCAAGACTGAACCTAGTTGATCTTGCTGGGTCAGAAAGGCAGAGAACATCTGGTGCTGAAGGTGAGCGGCTGAAGGAAGCTGCTAATATTAACAAATCGTTATCAACACTGGGTCTTGTGATAATGAGTCTAGTTGATCTTACAAATGGGAAGCAAAGGCATGTTCCTTATAGAGACTCAAGATTAACGTTTCTTCTCCAGGATTCTCTTGGTGGAAACTCCAAGACCATGATCATCGCAAATGTCAGCCCTTCATTGTGTTCTGGCAATGAAACACTCAGTACCCTCAAGTTTGCTCAGCGTGCAAGGCTCATTCAAAACAATGCTGTTGTGAATGAAGACGCTTCAGGAGATGTTCTAGCTTTGCAGCATCAAATTCGTCTCCTAAAGGAGGAGCTAGCTGTCCTCAAGCGTCACCATGTCACTAGATCTTTACCATTCAGTACTGATATTTGCGGAAGATCTGGAGGTGATGTTGATGATGGCAGTGATCACATGAGT,1
CGTCGAGGCCATGTGGCTCATGCTCCAGCAGGACAAGCCTGACGACTATGTCGTCGCCGCCGAGGAGTGCCACACCGTGGAGGAGTTCTTGCAGGCTGCTTTTGGGTACGCCGGCCTCAACTGGAAGGATCATGTGGTCATTGACAAGAAGTACTTTCGCCCTTCCGAGGTGGACTGCCTTCAGGGAGATTCATCCAAGTCGAGGAGAGTGCTTGGGTGGAAGCCCAAGCTTGGCTTCCAGCAGCTAGTGGAGATGATGGTAGATAACGACATCGAGCTCGCCACGAAGGAGAAGGTCCTTGTGGATGCTGGGTACCGCGACACCTAGCCTTGGAGGGGATTATCTTCCACAAAATCTTTTACAAAGATGGTCGTCGTAAGCGATTTCATTCACCACCCAAGCTTTCGAGGGAAAGGACCAGATTGCACTTTTAAAAATCAAGTCCTTTTTTTTTTGCGGGGATTTAAAAATCAAGTCCAGGGGCTTTATTGCAAAGTTCTTGGGCTTTGTTGTAATTTTGTTTTCCTATTTGGTCCAAGGTAGACAATCATTCAGTTTGTGTACATTCGCCCTCATCTCGCCGGACTGGATCGTTGGGGTGATCGGAGAGGCTTGAAGTCTTCGTCTTGCTAATTCAATACTTTGTTATCAATGAGTACGTGGTGCCCCCTCT,1
ATGGAGGTTGCCATGTCTGCAGTTGTAGGTGAACTCATGAGCCAGTCCATCTCCTTCCTGATGAACAAGTATAACTCCTTGAGGCATGCCCAATCAGAGTCAGAGGAGAAGGTGCTGGAGAGGTTGCAGCATCTCCTGATGAGAGCTTGCACCATCGTCAAGGAGGCGGACACACGATACATAACCAACTCCGGGATGATGATGCAACTCAAGACGCTCTCAGAGGCTATGTACCGAGGATATAGTGTGCTAGATAACATGAGGTACCGAGCTCTCCAAGATGGTGCGCGTATTGACAAGGTTAGCAACAATAATTCATCTGGCAGCAGTTTGTATTTAGCCAAGCGCTCACGATCAACAACTGATAAGGCCACATGCCTTGATTCACATGGTGCCTTGGAAAGTTTAGAAATTGCTACTTCAAACATGATGGAATTTATTGTGCTTTTGGGTGGATGCGAGCGCATGTCTCGTAGGCCATATGATGTTTATCTTTACACCGACAACTTTGTGTTCAGCCGACATGCTGAAAAGCAAAAGCTCTTGAGCTTCTTGTTGCAGCACAACGACCCTCATGGGGATCATGCACTGCCTGTTCTCCCGGTTATAGGTGGCCCAACAACTGGGAAGAAAAGTTTGGTTGCACATGTGTGCGGTGATGAAAGGGTTCGCTCGCGATTCTCCTCTGTATTGCACTTAGATGGAGACAACCTTTTGAGCATACTTAACCATGGAAGGACTATGGAAGGAATGATGTTGGTAGTTGTCGAGTTTGCTTCCGATGTAGATGATGATGTTTGGCAAAAGTTTCAGTCATTTCTCATAAGAATAAGCAGAGGAAGTAAGATAATTATCGTAAGTAAACTAAAAGGATTAGCCAGGTTTGGATCGGTGAAACCAATTTTCCTCTCCGTTCTATCAAAGGATGAGTTGAGGTACCTTTTCAAGGCATTGGCATTTGGGAGTGTAGACCCTGCAGAACATCCACGGTTAGTTCAAA,1
ACATTGGCCAATTTCTCTACCTTGAGGGAATAGAATACTATATGTGGAACACATATGATGTTCATTTCTATTCATCTTTTTCACTTATCATGCTATTTCCAAAACTTCAACTCAGTGTTCAGAGAGACTTCGCTGCCGCTGTCATGATGCACGACCCTGAAAAGCTCAAGCTCCTACATGATGGAAAATTGGCTGCAAGAAAAGTTCTTGGAGCTGTTCCTCACGATCTTGGTCTATATGACCCTTGGATCAAAGTGAACGCGTACACACTCCATAACACGGACCGGTGGAAGGACTTGAACCCAAAGTTTGTACTGCAAGTTTACAGAGATGTTGTGGCCACAGGCGATAAATCCTTCGCCCGAGCTGTTTGGCCATCTGTTTATATGGCGATGGCATATATGGAGCAATTTGATAAAGATAAAGATGGGATGATTGAAAACGAGGACTTTCCTGATCAGACGTACGATGTCTGGTCCATGGCTGGTGTAAGCGCATACTGTGGTGGTCTTTGGGTGGCTGCTCTTCAGGCTGCGTCGGCTTTGGCACACGAAGTTGGTGACAGAGCTTCTGAAAAGCTTTTCTGGAACAAGTATGAGAAGGCTAAGTCTGTTTATGACAAGAAGCTGTGGAACGGTTCTTACTTCAATTATGATGATGCTGGTACTAAAGCTAGCACCTCGATTCATGCTGATCAGTTGGCTGGACAATGGTATGCCAAAGCCTGCGGCCTCTCCTCAATTGTTGACAAGGACAAGTCACAAAGTGCACTTGAAAAGATATATACTTTCAACGTAATGAAATTCAAGGATGGTAACAGGGGAGCCATCAATGGGATGTGGCCAGATGGTACATTGGACATGTCCACAATGCAATCTAGGGAGATATGGCCAGGCGTGACATACGCGCTTGCTGCATCTATGATTCAAGAAGGCATGGTTGAGGAGGGTTTCAAAACAGCTGAAGGAGTCTATCATGCTGCCTGGTCTCCAGAAGGGCT,1
ATGCGAAGTGTGGCTTGATAAGTTATGCCTGGCGCTTGTTTGAGAGGATGCCTGCGCGGAATGTCTGGACCTGGAGCGCAATGATCCAGGGGTTTGCACAGAATGGATTAGCCGGGGAAGCGCTCAAGCTGTTCGAAAGGATGAGGGGTGCTTCAGTTGCGCCCAATTATGTCACATTTCTCGGGCTGCTCTGCGCATGTAGCCATGCTGGGCTGGTCGACGAGGGACGTCAGTTTTTCCATGAAATGCGGCATGTATACAAGATCGAGCCAATGATGAAACACTACAGCGCCATGGTTGATGTCCTAGGGCGTAACGGACGCCTCCAGGAAGCTTATGACTTTGTTATGGACATGCCTCTCGAGGCTGACCCAGTTGTATGGAGGACATTGTTGGGCGCCTGCCAGATGCACAGCTCCAAGGACTGCATTGACATTGTCAGCAAGGTGCAGGAGAGATTGCTTGAGTTGGAGCCCAAGAGAAGCGGGAACTATGTGATGGTCGCAAACATCTACTGCGATGTTGGATCGTGGGACGAGGCGGCGAAGGCGAGGAGGGTGATGAGGGAAGGGGGGATGAAGAAGATGGCAGGTGAGAGCTGCATCGAGGTTGGGGGGCTGGTGCATCGCTTTATCGCTGGGGATGATTCTTGCCCAGAATATGATCGGGCTTGTAGCCTTGTCCATGAATTGAATCTCAACATGAGAAAATTTGAACTTATTGACGGGAATTCGCTTATTGATGCTGAATGA,1
TTATGCAATGTTTTGGATAAAAAGCCTACCATCCGTTTTGTTCCGTTGCCAGTTCCGGAACCGTGTGATACGTCTGAGTTCCATTTGATGTTTGAGAATCTCACTCCAAGACCACACCGTCATGTGACGATATTCAATGATTTGATCAAGTGTGTTGAGTTAGATTTTCATGTGCAAGATGCTTTCTTCAACATGAAGCGAGCAAAGGATTATGGCTGGATGGCTAAAACATGGACTAGATCAATTTATTCAGATGTTTGGTGTGATGGCTTGACGATTGATACGTCTGAGATATCTTTCACCGACTCAAGTTTGCCGAATTTGTTGCCTGGGATGTTTGATGAGGAAAACAATTTGACTTGGAAGAAATTGACTAGTGCTCGTCCTACATTAAGCTTGCTTGATGACAATGTTATTTACATTATGGCGAACGAGAGCATGTGCCATCCGACAGCATATGTACTTACTGTGGACACCAAAAGTTTGAAGCTCGAGTCTGGTGCGCAGTGTGCTCCTCAAAAGACGGCGTGGTTCGAACCAACATATGAACCGTGTGTTCTTTTTAGCTCTTTTGGCACGACTTCAGAGTTGGTTAAAGAATTTGAAACCAAAGGGACAATATTTGAAATCAAGGAAGGGCCGGTGCTCTCGGTGGTGTCGAAGCGTCTCCGTGTGCTGCGGAAGAAGCAGAATCGCATCGCGCAGATGGAGGAGTCCGTCGCTGCCGGCAAGATGCTTAACCAGGAGCAGAAGGAGCTCATGCACTCCAAGCCCGTCATCGCCGCGCTCATTGACGAGCTTGAGCGCCTCCGCGTACCACTCTCCACTGCTCTCACCAAGGAGCTCTCCACCGTCCCTGCACCTGCTGCCGGTTCCTCATCCTTTGGCTCCGATTTGTCCATCCAGGACCTCCTCGCGCTCATCTACTTCGGCTCCCTTTTTTATGTCAAGTCACCGAACGAGTTCATCGCCACCATGGTTGCGCGCAAGAACGAACGGA,1
TATGAGCCACCCACAAATGCCAAAGAGAATCGAGGATGCTAATATTGCCATCCTTACCTGCCCATTTGAGCCCCCAAAGCCCAATACAAAGCATAAGGTTGACATTGACACTGTAGAAAAATTCCAGACGATGCGTGGACAAGAGCAAAAATACTTTGATGAAATGGTTCAGAAATGCAAGGATGTTGGTGCAACCTTAGTTATCTGTCAGTGGGGTTTTGATGATGAAGCCAATCATTTGCTTATGCAAAGAAATCTGCCCGCTGTCAGATGGGTTGGTGGTGTTGAATTGGAATTGATTGCCATAGCTACAGGGGGACGTATTGTTCCAAGATTCCAAGAGTTGACTCCTGATAAGCTTGGGCAGGCTGGCTTGGTTAGAGAGAAGTCATTTGGAACAACAAAGGATCGAATGCTTTGCATTGAGAGATGTGCAAATTCCAGAGCTGTAACTATCTTCATCCGTGGCGGCAACAAAATGATGATTGAGGAGGCCAAGTGAAGTATTCAGGACGCTCTGTGTGTGGCTAGAAATCTGATCCGCAATAATTCTGTTGTTTATGGTGGCGGCTCAGCTGAGATATCTTGCTCTGTTGCTGTCGAAGCTGCAGCAGATCGATATGCTGGAGCCGAGC,1
ACTGAGGAACATGTTCTCCACTGCCGCGGCTGATTCGATTAAAGATGTTCCACGAGGTGGTCCCATGGTGGAATATGAGAAGAGAATTGCATCAGGAGATCTTGTAGATGGTGATAGCTTTCAGGTTGACACGATTCAGCAATTACAAAGGCTTTATGAGGATCTTGTAGAGAATGAAGAAGCCTGCCAGCTCGATAGATATCAGTCATCTGAGAAATCTGGAAGGAGAAGGTGGCTATGGTCTCGCCTCATTGCTCAGCCTTCTACCCAATCACCAGTAAAGGGATTGTATCTATATGGAGGGGTCGGTACAGGGAAGACGATGCTTATGGACCTGTTCTATGAGCAACTGCCAGCTAATTGGAGGAAAAAGAGAATTCACTTTCACGATTTCATGTTGAATGTTCATAGTCGCCTGCAGATGCATAAAGGTGTTTCAGATCCCCTTGATATGGTAGCAGCTGAGATTTCAGATGAAGCCATAATATTATGTCTTGACGAGTTTATGGTAACTGATGTTGCTGATGCTATGATATTGAACCGTCTGTTCAGACATCTGTTCAGCAAAGGCGTTGTTCTAGTTTCGACTTCTAATCGTGCTCCCGATCAGCTATACGAAGGTGGCTTGCAGCGAAACCTTTTCTTACCGTTCATTGACACCTTGAAAGAAAGGTGCATTTCGCACCCCATTGGCTCTGCAGTAGACTACCGTCAACTGGGTTCAGCTGGAGAAGGTTTCTATTTTATTGGAAGCGAATGCAGTACAGTTCTTAAACAGAAATTCCAATCTTTGATTGGAGATGAGGAACCTACTCCTCAAACAGTCGAAGTCGTTATGGGACGACATTTGGAGGTCCCACTGGGAGCAAATGGATGTGCATATTTCCAGTTTGAAGATCTTTGTGACAGACCTATAGGCGCAGCAGACTATTTCGGGCTATTTAAGAAGTTTCACACCCTTGCAGTTGAAGGTGTCCCTAAGTTTGGATATCATAACAGA,1
ATGCTGATGGCGACCGGCGATGGGGCCGATGGACTAGGGCTCGACGACGACTCCTTGCCATTGCAGGACAACTTCGACGACGTGCTGCAATTGCTTGACGACTTCCCCGACCCTGACACCGCCCCAATTCCCCTGCCCGCACAGATGCACCACGCGGACCAGCCTGCGTGCAGCCACAGTTTCTCCGGCGACGGTCTTCGCAACAACTCCACCGGCGACGGCACTCCAGGTGTCGCTCAGCCTAACGAATTTCCAGTCCACAGTGACCCATCGACGTCCTCCACTGCAGCGGGTGTGTTGGATTGCAGCGGCTGCCATGTGCTACGAGAAGTGATGCATTCCAACGGGCCGGAGTTGACAAAGCTCTCAATCCATGGCGCGCCCGGCTTCTTCAACCATGCAACGCTAGATCGTTGTACCAACTCCGAGGGTTTGGCTCCGAGAATAGCGCCTCGATCGCACATTGATTTCAGAGACCGGGACTACGAGTGGGTGGGGCACTTCCTGACGGACTACGCGCTGCGGCAAGCCGCCGGCAACTACGCCGTCGTGCGTGACTCGCTCTCATTGTTCCTCGACGTCCTCTGCACGACCATGAACCGATGCGTGCAGGGCAACGATGGCGACCACGACGATGAAGGAACAGCGGCGAGAAATGGTGGCCATGGGCAACCCACCGTCGACGTCTTTGCTGCCGCCGTCCAGCCTGCGATGCAGAGAAACACAGAGCCAGAACCTGCAGGGCCATCTCCATCTCCACCGAGTAATACCATGGAGTTGCATGTTCAGCCACAACCCTTCCAGCCGGTAGTCGCAGGCAGGAGCGTACTTGCCTTACAGAGGGAGAGAACCAGGAAGATGCAGTTCCATGACATCGCACCCTACTTTCACCTCCCCATCGTCGAGGCAGCCGAAAAGCTCGATATCTGTACCACCGTTCTGAAAGGAATCTGCCGCAGGGTCGGGGTACAAAGATGGCCGCATCGAAAGGTGAAAAAAA,1
ATATATGGAGGTCATTCATTACACAGAATGCTTCCGACCGTGACCTCTTGGTTAGACAACTGAAGCAATATGGTACTCCTATTCTCAACTACACAGGGGGCAATAGCATCATGTGTGAGCCATTGAACATTACCCCAGAGATGAAGCAACTTGGGATCACATCAAGACTTGATCAAGAATTTGATGCTCCTCCTGCTGTAAAAAATGTTTTGATTACTCAGGCTTCAGTGGATCAATCGTATATAGGTACAAATCAAGCGGATCAAAGCGCAGATGATGTGGTAAAGTTAGGTATTAATGACCTTTGGACTCCACGTAACCATTATCGATGGACCAGATCAAGATATGGTGGCCATTTGTCAGCAAATGTAGATTCAATCTACCCGTCGCGCCTCTTCATGTGCGACGTGAATGTTAGTGACATTGAAATGCTTCGATCTGAGAAGGATGAACATACAAGAAATGTTGAGGGCATGGAGGAAGCCTTAAAAGAGCTCCAGAAAGAGCAGAGAAAATTAGAAGATGAAGAGGCAGAATTCCGCAAGAAAAAGGAAGCAATTGCTGACAGGGTGAGGCTTGAAAAGAAGAAGCGAGAGGACATACAAAGGCGTATCGATTTGAAAAGAAGAACTCTGGAGGACATATCAAAAGAGGAAGATGTGGAATCCAGCACAAGAAAGCTTACTGATAAGCTAGCTAAGTTAAATGATGATCGATTTCGAGCATTGCTAAAACTCAAGAATTTACTTGGTGAAGCTGTTGCTCTCAAATGGAGTTATACAGAAAAGAACATGGCTTCTATTGAGCTTGATACAAAGATATGGGAGATGGAAAAGGATGTGAAGAAACACGAAAAGGATGTTCTTAGTGCTTCCAGAGACTATGAAAACTGTAAAAGAATCACTCAAGAGCATAAGCAGCTGGTGCTTAAGGCAAAACAGCATGCAGAGTCAGTATCTATGATCACGGACAACCTTGCAAAAGAGTTTGAGAAGATGCC,1
CCGCACTCATCTGATTGGCCTGTTATAGACCCTCTTCCATCCTATGGGCGCGGTAGAGAGCTCCCCGGAGGAAGGCACCAGAGCTTAATTTTTGGCTCCCATTTGACAGATGTAATAATTACTGGTGCTAATGGGACAATTGATGGTCAAGGAGCCATTTGGTGGGATTGGTTCCATAACAACACACTGAACTATACTAGGCCGCATCTTGTCGAGTTGATGTACTCCACCAATGTTGTTATATCAAATTTGACTTTCAAGAACTCCCCGTTCTGGAATATCCATCCGGTATACTGCAGCCAAGTTATTGTCGAGCACGTCACAATCCTAGCACCTTTGAATTCGCCAAACACCGACGGCATCAATCCAGATTCGTCCACAAATGTTTGCATCAGTCATTGTTATGTCAGAAACGGAGACGATGTGATTGTCATCAAAAGTGGTTGGGATGAGTACGGCATTTCTTTTGCTCAGCCTAGCTCCAACATCAGCATCAGCAACATCACAGGGGAGACAGGTGGCGGTGCAGGAATTGCCATTGGAAGTGAGATGTCAGGTGGCATATCTGAAGTCCGGGCTGAAGGCCTCCGCATTGTGAACTCGTTGCATGGAATCAGAATCAAGACCGCTCCAGGACGTGGAGGGTATGTAAGGAACGTCTACATAGCTAATGTGAGCATGCACAATGTTTCGATGGCCATAAGGATCAATGGAAACTACGGCGAACATCCTGACAACAATTATGACAGGAACGCTCTCCCCATTATAAGCAACATCACAATTGAGAACGTTGTTGGCGTCGATGTTGGTGTTGCTGGCATCTTGGAGGGCATCGAGGGCGACAACTTCAGCAGCATATGCATCTCCAATGTCTCCCTCAGCGTGCGATCCAGGCATCCGTGGAATTGTTCGCTTATCCAGGGCTATTCAAACTCTGTGACTCCAGAGTCGTGCGAGCAGCTCAGAGCAGATTGTGAAGAGACATCGATCTGCTACGACG,1
GATCACCGTCCTCACCGGCCACCTCCAGGACGCCCAGATCGCCGTCGACTCGCTGGGCATCTGCATGAATGTGAACGGATGGGAGGGCATGATCTTCATCGGCCTCAACGCTGCCATCAGCGTTCGGGTCTCCAACGAGCTGGGCTCCGGCCGGCCGAGGGCGGCGAAGCACGCGGTCATGGTCGTCGTCGGCGAGTCGCTGCTCATCGGGCTGCTCTGCATGGCCCTCGTGCTCATCTTCAGAGACAGCTTCTCCGTCATCTACACCACCGACTCAGAGCTCCAGCACGCCGTCTCCAGGATCGCGGGGCTGCTCGGCCTCACCATGGTGCTCAACAGCGTGCAGCCCGTGCTTTCAGGGGTTGCCATTGGAGGAGGATGGCAGGGCCTTGTCGCGTACATCAACCTTGGCTGCTACTACATCTTCGGGCTGCCCCTCGGCTATCTCCTCGGCTACAAGTTCAACTATGGAGTTGGGGGGATTTGGGCCGGCATGCTTTGCGGGATTGCGCTTCAGACACTGATCTTAATCTTCATAGTGTGGAGAACGGATTGGAACGCAGAGGCTGCGCTGGCTTCAAGCCGTGTGCGAAAGTGGGGCGGCGCAGATGCAACCAAGCCTCTCCTGGAATAG,1
TGGGAATGGAACCTCTTGATCTCAATACATGAGTAGACATTTCTCTCTTAGAAAATGAATGGTTGAAGTACCAGTTCATTTTGATGGCTCTCTTAGAGAGTAAGTGGTGGTGGAGGGAGAAAAATGTCTTGATAATCCACAAGTATAGGGGATCGCAATAGTTTTCAAGTGTAGAGTATTCAACCCAAATTTATTGATTTGACACAAGGGGAGCGAAAGAATATTCACAAGTATTAGCAGTTGGGTTGTCAATTCAACCACACATGAAAGACTTAATATCTGCAGCAAGGTGATCAGTAGCAAAGTAGTATGATTGTAACAGTAACAGTGGCAATAGTAACAGTAGTGGTTTTGTAGTGATTGTAATAGTAGCAACAGTGAAAGTAACTTAGCAAGGATCAATATATGAAGAGCTCGTAGGCATTGGATCAACGATGGATAATTGTGTTGGATAATATTCATCAGGTAGCAGTTATAACCTAGAGCGACACAGAACTAGCTCCAATTCATCAATATAATGTAGGCATGTATTCCGTATATAGTCATATGTGCTTATGAAAAAGAACTTGCATGACATCTTTTGTCCTACCCTCCCGTGGTAGCGGGGTCCATAAGGAAACTAAGAGATATTAAGGCCTCCTTTTAGTAGAGAACCGGATCAAAGAATTAACACTTAGTG,1
AGTGCAGAAAAATAGTCAAGTGATCAAACCTAGAAAGCTTCTGGTGAATGCCACTGGCTCAAATAGAAACAAGTTCAAGTCTGTTTCTGGTGATGATGACATTTCAAAGCGAGATGAGATTGGTGAAAGACGTCGAAAACACGAACTACGTGTTCTTGCTCGGGTAGGAACCAATACACGTGGAGACAACAAGGGCAATGATGATGAAGCGTCGGAGTCTGAAGATGAATTCTACAAAGATGTCAAAAGGCAGAGGACCGAAAAGCGCTTGCGCAAAGAACAGAGCGCCCCTATCACCGGGCCGTTGGCAGAAGAAGGCGAAGGAGATGGCAAGAGGAGGGGGATCTCGCGCCAGATCGAGAAAAACCGAGGGCTGACTCGCTCCAGAAACAGGAAGCTCAAGAACCCACGGAAGAAATACAGGGCTAAGAGTGAGAAACAGGGACTTAAGTGGAGAAGTCAGGGGCATGGCGTGAAGAAGGCCTCCGGTCCATACGGAGGAGAAATGTCTGGCATTAATCCGAACGTCAGCCGTAGTGTTAGGTTCAAGGGTTGA,1
GTGCTCTGGCATACATACAGTGTGGTCATAGTGGTGAACTGAGAAGAGCTACTGCGAACAAGGCACGCCGGAGATCGAGATGGGCTGCGACGACAAGTGCGGGTGCGCCGTGCCGTGCCCCGGCGGCACGGGCTGCAGGTGCACCTCGGCGAGGAGCGGCGCGGCGGCGGGGGAGCACACGACGTGCGGGTGCGGCGAGCACTGTGGATGCAACCCGTGCGCGTGCGGGCGCGAGGGGACGCCGTCCGGGCGGGCGAACAGGAGGGCCAACTGCTCCTGCGGCGCGGCCTGCAACTGCGCTTCATGCGGCTCGGCGACCGCCTGATCGATGGCCGACGCGTCGACGCGCCACTAGTCGTGAGCTGATGCACAAGTAGTAGAGCTAGCTACCGAGTTAGCCATAAATAAGTGCCGCTGTGCCGTGATCAGTCATATGTGGACGTGTCGTGTGTATTTACCTACGTACTCGCATCAGTGTGTAAGAACGAATAAATAGTTTATGTGTGCTATTTTCTCCTTTCCTAAATGTACTTGAAGTCTTTTGGCTTGTTACAAGTTTTACTTGTTGCAAAATAATTATAGTTCTACGATTTTCTT,1
AGATATGCCAACGCCTGCGGAACGGCGAGCCACTGCCCGCGTCATGGGCGGCGTTCCTGGAGCAGTCCGACACCAAGATCAACCTGTCGGGGTGCCCAGTGGCCGCCGTCATGCACACAAGGTCCGACACTGCCGATGCCAGCGAGACCAAGGTGACCCTGGCTAGGACATGGCACAAGGCGCTCTGGGCCACGCTGTGCCAGCCGCTGCTGCAAACGCTGGTGCCATACTTCGTCCTGGGCCTGGTCATCTTCCTCCCATTCCGGGGCCTCCTTGCCGTCACCGGGGCCACCGGCATGCCGCTGTACTGGCTGCTGCCGGTCTTCTGGGCGGTGTCGGGCTTGGCCTCCATGGCGACATGCGCCGCGGCAAAGTGGGCCCTGGTCGGCGTCAGGGGCGAAGGCGACGCGGTGCACATCTGGGCGCCGCAGGTGTTCCTGGACACGGTCTGGCAGGCCATACGGACGGCGACGGCGGAGTACTTCGCGGAGCTGACGTGCGGGTCGGTGCTGTTCGCGGCGTGGATGCGAACGATGGGGTCGTCGGTGGCCGTGGCCGACGGGGTGTACGTGGACTCGATGGGCGCGCTGCTGAACCCGGAGATGGTGCACCTGGAGCGGGGCGCGAGCGTGGGCCACGACGCGCTGCTGTTCGGGCACGTGTACGAGGGCGAGGCCGGGAAGGTGAAGTTCGGCAAGGTCCACGTCGGGGAAGACGGGTTCGTCGGCAGCCGGGCGGTGGCGATGCCGGGCGTGAAGGTGGAGGACGGCGGCTACCTGGGAGCCCTGTGCCTGGCCATGAAGGAGGAGATCGTCAGGCACAAGCTATAG,1
ATGCGGGAGTGGGAGTCCAGGGCGGACGAGCAGCGCCGGGTCGTGGCAGACCTGATGCGCCTCATCGGTATGCCGGAGGGTCCGGTCACAGTGGCTTCAACACTACTAGAGGAAGAAGCTGGAGCATATCTCACCGATAAGGAATCGCTGGCGACACCGACAAGAGAAATTATGGCAGCAGCAATCGAAAGCAGCAGCTCTTGA,1
ATGGCGCTCATGGCCTCTCTTCAGCTCGATTCTACCGTGGCAGTGCTCTGCCTCGCCTTCGTAGCCTCTTGCATCTTCCTCGTTGCTAGAAGCCGCAAGGCCGGCGCACGCGGATCACCGCCACCTTCGCCTCCGGCGCTGCCCGTCATCGGCAACCTGCACCAGCTCGGCCGGGGCCGCCACCACCGGAGGCTGCAAGCCCTCGCGCGGCGTTACGGCCCGCTCTTCCTGCTCCGCCTCGGCTCCGTGCCCACCGTCGTGGTCTCCTTGCCCTCCCTGGCCGAGGCCGTGCTCAAAACCCAGGACCACGTCTTCTGCAGCCGGCCGCAGCCGCGCACCGCCCGCGGCACGCTCTACGGCTGCCGCGACATGGCCTTCAGCCCCTACGGCGAGCGGTGGCGCCAGCTCCGCCGCATCGCCGTGCTGCACCTCCTCAGCGCGAAGCGGGTCGACTCCTTCCGCTCCCTCCGGCAGCAGGAGGTCATGGGCTTCGTGGAACGTATCCGCGCCGGCGCCCCGGAGGGAGCAGTCAACGTGACCGAGCTCGTCATCAGCCTGACCAACACCGTCATCTCCAAGGCGGCGTTCGGGAACAGGCTCGGCGGCGTCGACCCAGGGGTGGTCCGCCAGATGATGAAGGAGCTCACCGAGCTGCTCGGGACCATCGCCGTTAGCGACGTGTTCCCGCGGCTCCGGTGGGTGGACTGGGCGACGGGGCTCGACGCGAGGATCGGTAGGACGACGGCTGAGCTCGACAGTGTCATCGAGAAGACGCTCGCGGAGCACGAGGGGAGCCGAGCAAACGACGGTGAGGAGGTGCATGACCTCCTGGACGGCTTGCTCTCGATCTTCAAGGATGGTGATCAGGGGTTTAGGCTGGACCGGATTGATGTCAAGGCGCCCATCTTGGACATGTTTATAGGAGGCACGGACACGATCTATAAGGCGATAGAATGGACGATGGCGAGCTTGTTAAAAATCCAACAGAAATGGAGAAGGT,1
CAAGCATTGACAGCAGTTGTGAGGGCCTATGATGGCAGGGGTCCTGAAACACTACTCACAAACAACATCCTTGACTTCCTTGGACTCGCATCGCCGGATGAACTCATAGGTTGGACATATGAAGATCAATCTTGGGCGCGCATTGCTGACATTCTCCCTGTTGTGGTAGAATCTGCCGAAGCCGGCGACGAAGTAGCAAACAAGATCTTGCACAATTCAGTTGGTGAACTAGCTTCCAGTGTCAAGGCTGTAGTGCAGAGACTTGCGCTGAGTGGGGAAGATGGAAAAGATCTATTTCCACTTGTTATGGTCGGCAAAGTTCTTGAGGCAAACCAGAGGTGGGACATTGGTAAGGAAGTGATAAGTTGTGTTACCAAGACATATCCAGGGGCATATCCAATACATCCCGAGGTGGAACCAGCTGTTGGTGCAGCATTACTAGCATGGAATGCTATAGCAAGTGAATTGGATGGTGATCTTAGGGCTGCTGCTTAAAGTGCTCAGCACTTATTTCTCCTACCATATTCATGTAAATTATGTTTGTGTCACACTATCACCTAGTGTTTTGCATTTGTTTTAGCAAGTTATTT,1
ACACTCCCAGATAGCAGTGCAGTACTGATAGTAGAGCTAGGAAGGATCGATGGCCTGCAGTAGAGCAATGGTAGCCCTGATGGGGCTTGTCCTTGCCGCGCTGCTCTTCCCAGCGGCTTTGTCGTCCAGGCGGCCGGATCAGCTTATCTCCATGACCACCGATGGCCAGTACCATAGTACACGTCCAGTAGTGACCATAGCCGACGGTCTCACTGCGGACTACCATGACGTGTCGTGCCCCGATCTGCAGGGCATCGTGCGCACCGCCGTGGTAGAAGCCCTACAGGGAGATATCACCATCGCCGCTGACCTCCTCCGTATGTTCTTCCACGACTGCTTCCCGCAGGGATGCGATGCGTCGATTCTTCTGCTGGGAACTCCATGGAGTGAGATGAGAATGCCGCCGAACCTGTCTCTAGATATCAGGCGGAAAGTGGCGTTCCTCATGGAGGACATCCGCGCCAAGGTGCACGAAGCCTGTGGGCCCACCGTCTCCTGCGCCGACATCATGGCCCTTGCCACTCACGACGCCGTTATAGCGTCGGGTGGCAAACCTTACCATGTGCCACTCGGTAGGCTCGACAGCTTCGAGCCCGCGCCGCTGAGGTTCGTCGAGGAGCTCCCGCCCCCCACCTTCAGCATTGGCCAGCTTATAGCTGCCTTCAAAAGCCGCAGCCTCGACGAGAAAGACCTCGTGGTGCTCTCTGGTGCGCATACCATTGGGAAAGCTCATTGCGCCACCTTCAGCGACCGTTTCCCCAACTCCGACTCTGATGACTTTGTCCGAAGGCTACAAGATAACTGCACCGCCGACGTGAACCGGCGTCAGGACCTTGATGTTACCACCCCGGAAAAGTTCGACAACAAGTACTACATCAACCTCAAGCAGGGGAAGGGGGTTCTTACATCCGACGTGCAACTCCTCCTCAACGAGACCACCCGAGGGTACGTGAACGACTTCGCCGACAACGAGTGGTGGTTCTGGAACCAGTTCGGCAGC,1
AATGGAGCTTGATGGGAGAGTGGTACCGGATGAAGTGACCTTTGTAGGAGTCCTCTTGGCATGCAGCCATGGTGGATCTGTGGATGCAGGTAGGGAGCATTTCAACATGATCTCCAATAAGTATGGCATAGGGTTAATCCTTGAGCATTATGCGTGCATGGTTGATCTCCTTGCCCGGTCTGGTCATCTACAAGAGGCACACAAGCTCATTACAGAGATGCCAATGAAGCCAGATGTTGTCATCTGGAGGGCATTGCTTGGTGGATGCCGGCTCCACAAGAATGTCAAGATGGCCGAAATTGTCATAACTGAAATGGAAGCGACCTGCAGTGGAGACCATGTGCTCCTGTCCAATCTGTATGCTGCAGTAGGGAGATGGAATGGCGTTGAAGATGTTCGGAGGACCATGAGAAGCAAGGGGATCGAGAAGATTCCTGGCTGCAGCTCGGTTGAGATGGATGGTTCCATCCATGAATTCATTTCAGGTGACAAGTCACATCCATCATATGATGACATTCATGCAAAACTGATTGAGATTGGTGGAAGGATGCAACAGCAAGGTCATGTCACAGAGACCACTGAGGTGTTCTATGACATTGAAGATGAAGAGAAAGAGCAGGCGCTTGGACATCACAGTGAGAAGCTTGCAATAGCGTTTGGGCTCATTGGAGGACCTCCAGATGCTACAATCAGAATTGTCAAAAATATTCGCTTCTGTATGGATTGCCACAAGTTTGCTAAGCTAGTGTCCAAGATTTATCAACGGGAAATTGTGGTTCGTGATAGAGCCAGGTTCCATCATTTTAGAGGGGGAACTTGTTCTTGCAATGATTTTTGGTAG,1
GCAGCAGAGTCAGAGGAAGACGGCAACAGCAGAAGAGGACGGAGTGGCGGAATACAGCGCGCCGTCAGCCGTGGAGCCGCCGCCCGTCGAGGTGCGCGCAGGTAAGCAGGGGCGGCGCAAATTGGCAGCCGCGGCTCAGGTGGGCCTTCGTCGCCGGCTGAACACCACGGTGGCTGGGGCGTGCGGTGCAGCGGCGAGGGAGGTGGAAGAAGCAGACGGTTGCTTCGAGTTGGATTAGGAGCCGGGAAAGGAAAGAGTTGCAGTGTTGCCCGGCGAGGGTCTCAAACTCTCAATTCATGCTTAATTAAGCTTTGGCGCGAAGCTTCAAATGCACGCAAGCAAATCCGATTTTCTCACGGATCACATCACATACGCATCCACGGTTTGGAATCGGCGTCACACCTGGCCTGAGCTCATCAATAAAAGGCAGCCAACCTGCTTCCAATCTTCACCAATCACCAATCACCAGCCCTTACCCAGCGAAGCGACCGGCGTCCCCTGTTCCCTTCCCATGGAGATTGCCTACCCCTACGGCGGGGAGCTCACCAGGAAGCACGGCTCCGTGACAGGCCAGCCGTTTGCCGCCAAGATCGACATCATGTCCGGCCAGAAGCGCGCGAGGGAGATGCAGATCCTTCGGCAGCGGTTCCAAGCAGAGCTCGTCGCCGTCCGTGGCCTCCTCCACAAGGCGGCCGCCGTGCTAATTCCCGCCTCGTCCCCGTTGGCTCCCCGCGTTAAGGAGAGTCGTCCAGGGTTCTTGGCCGAGGAGCCGCCGGCCAAGAAGAGGAAGGCGTCTCCTCCCGTTCCTGTGATCAATCGCAAGAAGGCGCCAACGAAGAAGAAGATGACGGCCTCTGAGAGGGAGATGCTCGCGGAAGACCTGGAGCTGTTCGTTGCGGAAATCCCCGATCACATCGTCCAGCTCTTGCAGAAGCACAGCTGCGCCACCCGCCCCGGCGAAATCGAGATGGACCTCCACGCGTTGGACGACGCTGCTGCT,1
AAAGAGACGAAAGAAGAAAGGAGCCGTCTCGTGCCCGTCGAACCCTATCCATCCCGCCGCCCGCCGCCCGCCGCCGCGTCCCGTGTCCGGTGTCTCGTTGACCTGCGCCCCTGCCCATCCGGCGAGCCCCATGCAGCAGCGAGCAGTCCCCTTCCATCTCCTTCTTGGCTGCTTCCCTTGCTGATCTGCAGGCTTGCTTCCCTTGCTGATCTGCAGTCCGGCATCCTTCGGCGTTCCGCCTTAGCAAAAGGTACAAAAGGTTACCGGGCTCGCGTGTCCCGCCGCCAGCAAGCAACACAGCGCCGCAGCCGTTGCTCGCGATGCCGACAATCAGCGTCGGCCGTGACCGCCTCTTCGCCGCACTCGGCAGGGTCTATACGCAAGACGAATTCGAGACACTCTGCTTCGATTTTGGCATCGAACTCGACGACGTGACAACAGAGAAGGCCATTATCCGGAAGGAGAAGCACCTGGAGGAAGATGTCGAAGCGGACGGTGATGACGAGGTCATCTACAAGATTGAGGTTGCTGCCAATAGATATGATTTGTTATGTCTTGAAGGATTAGCAAGATCTCTTCGCATTTTCACTGGGAGTGAAGCAACCCCTACATTTAAAATTGCTTCAATCCCCCGTGGTTCAATGCTTCAGATGCATGTTAGACCGCAGACGTCACAAATTAGACCATATGTAGTTTGTGCTGTCCTAAGAGGAGTAACTTTTGATGAAGTCAGATACAACAGCTTCATTGATCTTCAAGACAAACTCCATCAAAATATTTGCCGGAAGAGAACTCTTGTTGCTATTGGTACCCATGATTTGGACACTCTGCAAGGACCCTTCTCATACGAGGCTCTACCACCACAGGAAATCAATTTTATCCCATTAAAACAGGAGCAAACGTTCAGAGCGGATGCATTGATGGATTTCTACAGATCTGACATGAAGTTGAAGAAGTTTTTGCATATTATCGAGAATTCTCCAGTTTACCCAGTTATATA,1
ATGGCGAACAGCCTCCTCCCCGTCGTGGCGCTCCTCGCGCTGCTCTTCGGCGCGTCGCGCGCCGCCGACTTCGAGGTCGGCGGGGACGCCGGGTGGGTCGTGCCGGCGGCCGGCGACTCCGGCGCGTACAACGACTGGGCGTCCAAGAACCGCTTCCTCGTCGGCGACAGCGTCCATTTCAAGTACAAGGCGGACTCGGTGATGGAGGTGACGCAGGAGGAGTACGACAAGTGCGGGTCGACGCACCCCATCTTCTTCTCCAACAACGGCGACACCGAGGTGCGCCTGGACCGCCCGGGCCCCTTCTACTTCATCAGCGGCGTCACGGGCCACTGCGAGCGCGGCCAGAAGATGGTCGTCAAGGTCATCGGCCAGAACGAGCCCCCGCCGGCGCCGCCCGCGCCCCCAAGCGGCGCCGCGCCAGCCGGCATCGGATCCGCCGGCGCCGTGGCGGCCCTTTTGCCTGCTCTCATTGTGCTCGGTGTCTGA,1
CACGGACGTCATGATCCCGCTCTTCCTCTCCACGGCGCACTTCGCCGGCGAGGTGCAGCTCCTCATCACCAACTACAAGCCATGGTGGGTGGCCAAGTTCGCGCCGCTGCTCAAGAAGCTGTCCAACTACGAGGTGATCAACTTCGAGAAGGAGGAGGAGGTGCACTGCTTCCCCGGCGGGCAGCTCGGGCTGTACCGCGACCGCGACCTCATCATCGGCCCGCACCCGACCCGCAACCCGCGCAACCTCACCATGGTGGACTACAACCGGTTCCTCCGCCGCGCCTTCGGCCTGCCGCGGGACGCCCCCGCGGTGCTCGGCGAGAAGATGGCCGTCAGGCCCAAGATGCTCATGATCGAGCGCAAGGGCACGCGCAAGCTGCTCAACCTGCGCGCCGTCCAGGCCCTCTGCGAGGAGCTCGGGTTCGAGGTGACCGTGGCGGAGGCCGGCGCGGACGTGCGCGCCTTCGCCGAGACGGTGAACGCCGCCGACGTGCTCCTGGCGGTGCACGGCGCCGGGCTGACCAACCAGATCTTCCTGCCCACGGGCGCCGTGCTGGTGCAGATCGTGCCGTGGGGCAAGATGGACTGGATGGCCACAAACTTCTACGGCCAGCCGGCGCGCGACATGCAGCTCCGGTACGTCGAGTACTACGTGTCCGAGGAGGAGACGACGCTCAAGGACAAGTACTCCCGCGACCACTACGTGTTCAAGAACCCCATGCAGATCCACGCGGGGGGATGGCCGGCGCTCGCGGAGATCGTCATGAAGCAGGATGTCATGGTGAATGTCACCAGATTCAAGCCGTTCCTCCTCAAGGCGCTCGACCAGCTGCAGGATTGA,1
ATCAGCAATACCTCATCCAAGAATTATGGGTATAATTCGTGAATGTGGTGGGAAGATGCACATGGCTGAGAGGCAGTGGGCGGACGCAGCGACTGATTTCTTTGAAGCATTCAAAAACTACGATGAAGCTGGCAATCCACGGAGAATCCAGTGTCTCAAATATCTTGTTCTTGCCAATATGTTGATGGAGTCTGAAGTGAATCCCTTTGATGGACAAGAGGCCAAGCCGTACAAAAATGATCCTGAAATCCTCGCAATGACAAATTTGATTGCAGCATACCAGAAGAATGACATCATGGAATTTGAGAAGATCCTAAAGAGCAATAGAAGAACAATAATGGATGATCCTTTTATCCGTAATTACATTGAGGACTTGTTGAAGAACATCAGAACTCAAGTGCTGCTCAAGCTCATTAAGCCATACACAAGAATAAGGATTCCATTCATTTCACAGGAGCTAAATGTCCCAGAAAAGGATGTTGAGCAGCTCTTGGTGTCATTGATTCTGGACAACCGTGTCCAGGGCCACATAGATCAGGTGAACAAGCTGCTAGAATGCGGTGACAGGTCAAAGGGAATGCGGAAATATCAAGCCATTGATAAGTGGAATACTCAGCTCAAATCTATTTACCAGACGGTGTCCAACAGAGTTGGGTGAGAGATGGCAGGTTTCCATTAGTTCCTGCTGGTTGAGTTGTTTTGGTATATGGGGGCTTAAATGTGAAGGACTATCTTGTCCGTGAGTAAAGTAACTTGTCACTAATGAACGTAGCACTCCAGTTGGTCGATTATATCCTCTTTTATCTTTTCCGTGATTTGGCCAGCGGGATGCTGGGATTTTGTCCTGAGCTGAAACGGCCCTGCTAGTTCCTATTTCATCCTGCCAAGATTTCACTGTGGTCGAAAACTCGGTATCGATGTGAATAGAGAAATGCACAAAACTAGCATGGTCAAGTATTTAGTTAGTTCATTTAAATTGAATTTGAC,1
AAGGATCCCAAGCCTGAGAAGTGGAAAGGACAGATAGAGAAGGATTTGCCTCGAACATTTCCAGGACACCCTGCATTAGATGAGGACGGGAGAAATGCCTTGAGGCGGTTATTAACAGCATACGCAAGGCATAATCCATCTGTTGGATACTGCCAGGCCATGAACTTTTTTGCCGGGCTATTTTTATTGTTCATGCCTGAAGAGAATGCATTCTGGGCTCTGGTGGGGGTCATTGACGAGTACTTTGAGGGTTACTACACTGAGGAAATGATTGAATCACAGGTTGACCAACTTGTTCTTGAGGACGTTGTACGAGAAAGGTTCCCAAAATTGGCCAAACATACGGATATCTTGGGAGTTCAGGTGACATGGGTGACTGGACCATGGTTTCTTTCAATTTTCATCAACATGCTTCCATGGGAAAGTGTTCTTCGTGTTTGGGATGTGATCCTCTTTGAAGGAAATCGTACAATGTTGTTCCGGACAACCCTTGCTTTGCTGGACTTATATGGGCCTGCCTTGGTGACCACAAAGGATGCTGGAGATGCAATTACGTTACTGCAGTCTCTTGCTGGCTCTACCTTTGACAGCAGCCAACTTGTATTGACAGCTTGTATGGGTTTTCAGTCAGTCAAAGAAATGGGATTGCGAGAGCTAAGAGAAAAGCACAGGCCAGAGATTATAGCGGCTATGGAGGAAAGATCAAAAGACCGTAAATCCTGGAAAGATAAGAAGGGGTTAGCAACTAAATTATATAGCTTTAAACATGACCCCTCATCTGTGTGCCCACAAGTTGATTCCAAGGAAGGGGCAGATGGTTTGCAAGTGAATGGGGACTCTGGGTCAACAAACCTGGGGAGCTACCTTACTGGTTTAGCATTAGAAAATGAGTTGGATGAGGGCATTGATCTTCAAGATCAGGTAACATGGCTAAAGGTTGAGCTGTGCAAACTGCTTGAGGAGAAAAGATCAGCTGAACTCAGGGCCGAGGAGTTAGAAA,1
ACGCACAAGCAAGCGATTCGACCAGGATAGTAGCACAACGTCTCCCGATCGGCCTTGCGGTTACACTAGAGTAGAGACTTGGTAGTATGGTCGACCGGGAAACGAAGCATGCGTTCGTGCCCCATAACTCCACCACTGCAGTTAGGGAAATACGAGAAGACTCTGAATCAACACTTCGCCTCTTCTTCTCCCTCACCTCGTCTCGTCGTCTTCCCTCCTTCTGCTTGAGTTGCTTTGGAGACTCCTCCCGTTTTCTGTCTCTATAGCGGGATCTCTACGTCAGTCAACTGTTGCATCTCTTGCAAATTCTGACCGCTTCTTCAAGCAAAACATCATACCCCGGCCGTCTGTCTGTTTGTCCCCTGCCAAAGCAATCCATCCATCTTCATCTTTCATCTTTCGGCGGCGCTCCAAGAACCCCGCAGAGGCAGAGGCCGTACCATCTCAACAAGACAAGAGCACTCCTGCTCAAGAACCACGCCAAGACTCGATCGATCCATCCTTGTCTCGACCATCCATCGGGATGGAGCAGCTCCGGCAGCTCGGCGAGGTGGTGGGCAGCATCAACGCGCTCATGGCGTTCGAGGCCGACCTCCGCATCAACCCTCGCCAGTGCCGCCTCCTCGCGGAAACCTGCGCGCACGCGCTGGACGCCGTCACCGGCAATGTCCGCGCCCACCTTCGCTTCGATGAGCGCGGCTCCAAGTGGCGCGCCCTGGAGTCCCCGCTCCGCGAGCTCCACCGCGCGCTCCGCGACGCCGAGGGCTACGTCCGCCAATGCCTCGACCCGCGCGGCAGCTGGTGGGCCCGCGCCGCCGCCATGGCGCACGGCACGGAGTGCGTCGAGCACCACCTCTACAACATCCTGTGGTGCGTCTCCGTCGCCGTCGATGCCATCGAGGCCGCCGGGGAGATCGCCGGCTCCGAGCCGGACGACCACGCGCGGGCGCGGCTTCTGCTGGCCAACAAGTACGACAGGGACATGCTCGAGCCAAAGCTG,1
ATGGCCGGCCGGAGCAGCAGCCGTTCCATGGTGTCCGCGCACCGGCTCTTCGCGCCGGCGCCCGCGCGCACCCTGCAGCACGCGGCCGACCCGGCCCTGGAGCTCGACGAGGCCGACATCATCTGGGGCGGCGCGGCGCTGGCGTCTTCCCCGCCGGCCGACGCGTACGGGCGGGCCCTGTCCGCGTCCACTCCCTCCAGGGCCTCCAAGCCGCGCGCCGCGGCGCCGCGGGATGCCGCCGGTGGCGGTGGCGGCGTCGGGGGCCCGGCGTCGCTGCCCGTCAACATCCCCGACTGGTCCAAGATCCTGGGGGCGGAGTACGGCGGGGGCAGCGCCGGCGCGGGGCGGTGGCCGTCGGACGATCGCGGGGACGCGTACCTGGACCGCGGCGACCGGCAGTGGGTGCCGCCGCACGAGCAGCTCATGTACCGGGAGCGCGCCGCGGCGTCCTTCTCGGTGCGCGAGGGCGCCGGGCGCACGCTCAAGGGCCGCGACCTCCGCCGCGTCCGCAACGCCATCTGGGAGAAGACCGGCTTCCAGGACTGA,1
GAAGAAAAGAAGGTTGACGCATCTAAACCAAAGAAAGGGGTTGGTAGTTCCAAAGAGAAAAAAACAGTAACCAGATCGAAGAAACCTGTGAAAGCAAAGGAGTCAGCTGCTATTGCAGCCGCTGAAGCCAAGAATTGCATGAAGACCACTGTTGATAGTTCTGGTAGCGAGAGGAGGCCACTTGTACCTCTTTACCCCCCAGTAGCTAAATCAGTAGTTGTTGTTGAATCAGCTACAAAAGCAAAAGTTATTCAGAAATACCTTGGGGACATGTATGAAGTATTACCTAGCTATGGTCATGTGAGAGATCTAGCTGGAAGGTCAAAATCTGTCCGCCCTGATGACGACTTCAGCATGGTATGGGAGGTGCCTACTGCTGCCTGGACGCACCTTAAAAGCATTAAAGTTGCATTGAAAGGAGCAGAAAATTTGATTCTCGCTTCTGACCCTGACCGTGAAGGTGAAGCAATTGCTTGGCACATAAAGGAAATGCTTGAACAGCAGCAGGATGTGTTGGGTTCCCATGTTACTGTTGCAAGAGTTGTCTTCCATGAAATTACGGAGGATGCTATTAAAAACGCTTTAATGTCTCCAAGATATATTGATATGGACTTAGTTAATGCTTACCTTGCACGTCGTTCCCTTGATTATTTGATTGGGTTTGGCATATCACCACTTTTATGGAGGAAGTTGCCTGGTTGTCAGTCAGCTGGACGAGTCCAATCTGCAGCTTTGGCTCTTGTATGTGATCGGGAGACTGAAATAGAACGGTTTACCCCGCTGGAATATTGGACTGTTGATACTGAATTCGAAACCCAGTGTTCGGATTGTTCAAAAGGCCTATGTCTTACATCCCGGATAAAGCTTCTCAATTCAAAAAAGTTGGATCAGCTTTCTATAAGCTCTCAAGAAGAAGCACGAGCAATAGAAAAGAGGATTTATTCTTGCCAATTCGAAGTAAGAGGTGTTAAGAGAAGCAAAATCTGCAAGAATCCTCCAA,1
ATGGGTATTGAGGCAAAGCATGATACACTAGGCATCAAGAATGTTTTGAGGTCCTCGATCAGAATAGGCTATAGATGTGCCTCTGAACACCGGGCTCTCTTCAGTCTAGCATTATTGCTTTACCTGCTGTACAGATCTTCACCGGGTCTCTTCGCTTTCATTCTCTCCACTTCCCCTGTAATTATATGCGCCACCCTTCTTCTTGGTATACTGCTAAGTTACGGGGGCACACATCTTCCTGAGACTGTTGAAGACCGGAAGACTGACACAGTTTGTTCAGCTCCCAAGTTTGGATGCTTTTCCAGAAATATTCATTTTGAAGCACACCAGGGATTTTCTGTGCCTGCAGTTAATGAGAACAAAGCTGGCTTCAAATGTTGGGAATTCAGAAACCCAAGTTTTGGCAAGGAGAGGGATGAGATTGTTCCTCTTTTGAAGGGATCAGTTGATCAAGGAGATGAGAGAGTTTATGCACATGATAGACTCGCTGAGGTGTTCACTTCTGTTCCTTCTGTGGTGACACTGCAGCAAGAGGTTGGTTTGGAGGAATTCATGAAGACTAAACATGAGCGGGAGTCCAAAGATCCATTTTGCAGCAATGATAAGAGTACTGAGTATGTTAGCTTGTTTGAGGATGCTGATCAAAAAAGAGTTGATGAGAAGGAGGCGACATCTGAATTATGCTCTTTCAGTGAGAATGATAGGGAAAATGGTGAAACGGTGGCAAAGGAAAATAAAGGTAGAGTGGTAACAGATTCACAAAGTGATAATGTGAGAGAGGCTTCAGAAGATGAACCAGCTAAAAAACAGGCTGGTACTTGCAAATGGGGCCGTGCTTTTTCCGTCCGTCAGAGAAAGAAGCTTGATGGCATAAAGATTGAGGCTATCAATGTTGATGTAAGCAGCCAAATAGATTCTTCTCTAGTTTCACCATGTGCAAGAGTTGGCGACCATGATGTTTCGTCAGGTTTTGATTCTGGTAAGCCGGAGAGTTCCTCTT,1
GGGCTATCTGTGGAAGCTATAGCTGATCAGCAAAAGCTTAAATTCAAGAACTCTCCAAGCAATAGGGGAAAGTGGTGTAATGTGGGCCTTTGGAGTTATACTCGGCACCCAAATTACTTTGGGGAGATGTTCCTTTGGTGGGGGGTGTTTGTAGCATCAACCCCGGTCCTCTCAGGAGCTGAATGGCTTGTAATCTTGGGACCCATCTTCCTGACGCTCTTGCTTCTTTTCGTTAGCGGGATCCCACTTCTTGAGTCATCTGCTGATAAGCGCTTCGGTCGGTCTGAGGAATACCGCACATACAAGAAAACCACAAGCCCCCTTATCCCATTGCCGCCGGTCGTGTATGGAGCCCTGCCCGATTGGTTCAAGGTGGCATTCCTCCTGGAGCTGCCCCTCTACAACCCCGGACCGGAACGCGACCCCGTCAGCTGAGTGCCGAATGTGCATTGTTCTTCTGATCACAAGTGATTATACATGTAATGTACCGCTTTTATTCTGGATGGGTGATTCTTTTGCCATTGATTTCAAGGGTTTACGGTGAAGTTTGTCCATATGTATCTATCTCACGGGATGTTCAAAGCATAGATTGTGTACTTGTCTTTAATAGGGATATTGTGTACTTGTGTTAATAGTGGAAAAGTTTGATTTTATGTTGTACCCAAAGTCTGAATTTTTCTCTAGTTTCTATGGGAATTTTACTCTTTGTCACGAACTCCATTTAAAATTTCTATTTCTAAACGGGCTTCGATGGTTTGTGAAGCTTGCATGAGTTC,1
CTTGAACAGAAGCTGGTTGAAGCATGGTCTGCTGATAAGGCCGCCGAAGCATTAAGATGCCAGAAGTTGCTTGTGGAGGAAGAGGACGCTGCTCAGAAAAGGCAAGCTGAAATCATGGAAAGGAAAAGGATGAAGAAACTGAGACAGAAAGAACAGAGACTGAAAGACCTCAAGGACGAGGGCACCATGGTCCAGTTACCTGAAGTGGTCGATGGTGCGACGAGCTCTCCTGGGATTCAGAGTCTCGAGGCTGTTTCAGGCCCTGGCCTCCACGAGCAAGAAGACCCACAGCATCTTCAATTGTCAGCACCAGTGCCTTCAGACGACAATGGTTGCAATGGAGAAGATGCCAATTGTGGTTCGGGACAAGAAATCGATACTGCTGCTGTTTTCAGGGAACAAGCCATGGCAACAAGCAATCTCGACAGGGCAGAAAACCTTCCCCCAAATAGCTCTGTCTCGGGTTCTTCTGCGACTGCGTCGAAGCATCCATCTTCATCTTCAGTAAGGCACTCACGTCACAGGGAGCCAAATGTCGGTGCAGCGACAAACAAAAGCAAGACCTGGGCATGGAAGGTGCGAACTGGTGTTGAAGAACGGTGCCCAAAAGGTGAGCCAGATGTAGATGCTAACCAAGAGACGGCTCCTCTCAACACGGACAAGAACTCGCAAGTGCTAATAGGATCCATAAGCGTCGCGATCGAAGACGGTGGTGGATGCTCGCAGGACTCCAAGGATAACCACCCAGCTCCTCCTGAATCTGATTCGAACACTCTGAACGATCCAGTGGCCAAGGTGATGCAGCCAACCAGCCATGATGAGAACGGATGTGAAGACGCTAATGGTGGTACCATTACACCGGCAGCAGAGGACCATTCTCCCTCCAGTATCATGACAGATGAGAGCGGCTCAGTCTGTGGCAACGTGGAGTCGGCAGAAAGCGTGGGCCTACAACGAGGCACCATGATGTCTTCCGGTCAAGAAGCGGCGGCATTCCTTT,1
GCATCTGAAGGCGAGCACTCTCAGGCGCCGAGTGCAGCCACCATGGGTTATACTGCTCCTGCACCGACAACCGGGGAGGCAGTACAATTTGGATCCTGCAATAAGCCATCAGCGCCCGTCCCTGAGCCCGGCAGCAACGTCGCTCAGGCGGCTGACATCCTCGTCGCCCTGTCAACTCCGCGAGAGAAGGGCAAGTAGTAGCAGAGGGGACAGCCAGCCGAGATTGCACCGCGGATGACCCCTTTGGTCCCCGTTTGGGATCTCTGTTGCTGTACATGTAAATGTTTACCCGTTTCATGTGCTGGATGGTGGCTTGGCTTGCCGTTGTACAGGCGGGGGGAACTTGTGCTGTTAGCTCAGGTGTAAACAAACCAGTGGGATGTGCTGTTAGTTTGGGTTTATCTGTAGGGATACATACCAGTCACCCTGTCGACTCTGAACATAAGTAACTGTTTATCTGTTGAACTTGGCAACTGTTATCTCCTGTGTTTCATGTGCCTGTGGCCGTGGTGGTGTTATTTAATCTTTGTGGTACTCC,1
GATTCCCCATTTGCCCTCGCCGCGCCTCGCCGATCCCCACAGCCCAGCGCTCCCACCGCCATGCCGGCAGCCGCCGTGCCCGCGCCCGCGCCACCGGCGCCGAGCCTGGACGCGCGTACGGGCGGCCGCGTCCTGCGCCGAGCGGCGGCGCTCCTCCTCCACCCGGCCTCGCTCCCGCCGCTCCTCCTCGCGGCGCTCCTCCTCCTCCTCTTCCGGTCAGCCCTCTTTGCTGGCACGCTTCGCCTCTCCTCCTTCGCGGACCGCGATCCCGCCCTCCGCTCTCTCCTTCTCCGCCTCTCGCCTCCCGCCCAGCCCTCCCCGCCGGCTCCGCAGCACCACCTCCCCCGCCGCCGGTCCCCCTTCACTTCCTCCTCGTCCTCCCTCTCCGATGACGACTTCCTCGTCGGACCCTTCGACCCGGTCTCGTCCGCCCCCTCCAGCCGACGCAACGCCTCCTACCACAACATCTTCTTCACCTCCTTCTCCACCCCCAAACCCTACCCCGTACCCCTCTCCCAGCTGCTCCCCTCATCCGTTTCCCCCTTCCTCCTTGCCATCCACAACGAGACCTCCTCGCCGAAGCCTGCCTCGCCCCGGGGCGGTGAGCTCAGGCTGCTCGACCTGACCAGGCGCGACGCTGCGGCGATCATCAACCTCCTCGCTCTGCTCTCGTCTGCTCATGTGCTCGCGATCCTTGGGTACATCACTGTGCACTCCATAGCTCTCGGCACGGTGTTCGCTTCTGTAGCGGGGCGCCACCTGCCTGAACGGCGGCGAGGGTTCTTCCTTTCCGGTGCGGCAATGGGCGCTAGGAGGCTCACTGGGTTTGCATTCCTGCGGTGGGCAACTCGGGATGCGGTTGTGCAGATGCTCTGCCTCTGGTTCTTTGCAGACGTGCATGACCAGGCGCAGCTGTTCAGGCTCTTTGTGGTCGCCAAGCTCATGCCGTTTTCGGCATCTGCAAACCCATGGCTTGCGGCAGCCATTTCTGGCCCAGAGC,1
GATGGGTAACAAAGTAAAAGGGAAGCTGAAGGTTACTCGTGCTTTTGGAGTTGGCTACCTTAAACAGAAAAAGTTCAATGATGCACTCATGGGGATTCTCCGAGTTCGTAATTTGTGCAGCCCGCCTTACGTATATACAAATCCACACACACTGAGTCACAAGGTTACGGAAGACGATCTGTTTGTTGTGCTTGGCAGTGATGGCTTGTTTGATTTCTTCACTAATGATGAAGTTGTTCAGTTGGTTTACCAATTTATGCATGATAATCCAACTGGCGATCCTGCAAAATATCTCATTGAGCAAGTTGTACATAAAGCTGCCAAAGAACTTTAACAGCCGAACAGTTGATGAGGATACCTGTTGGGAGCAGAAGAAAGTACCATGACGATGTGACTGTCATTGTTATCATCCTTGGGAACGCACGAAGGACGGTGAGCGCATCAACTTCGATATGAAAGACGGACGATCTCAAGAAGAGGCTGTGAGCCGCATACAATTTTGTGGGTGTTAGGACATGAATCTTTTTCAGGGTTCTGGTGTGATAGTCAATAATAAACATAATAATGTGTGTATATCCTTTGGAAATTTTGGGTCCGAACAGATATCTTTTGTTAAGTCAAAAGGTGCACCAAGACTTATTCCGCTTAATTCTGCACGCGGTAACGAAAAATTTCGCCGCTCTTATTCGGCATTCCG,1
ACTGCACTGCAGCGACTGCCGACCCGGCCCCCAAAATGTAGGCGGGCCGGACCCGACCAAAATGCCCCATTCGCCGCACTCCACGCGGACGCGATCACCACGCGCGCACCGCTCCCCGTACCCGCCCGCTGCCGTGCCCGTGCCCCCTTCCTTTCCTTTCCTTTCCTTCCTTCTTTTCTTTCCCCTCTCTCTCCGTCCGCCCCCGCTTTTACACCACCTCCCCCACCTTCCCCTTCCCCCCTCGCTCTCCTCCTTCGCCACCCCCCACAACCAGATCGCCGACGCGACGGGAGCAATGGCGGCGGGGTACCGGGCGGAGGACGACTACGACTACCTCTTCAAGGTCGTCCTCATCGGCGACTCCGGCGTCGGCAAGTCCAACCTGCTCTCCCGCTTCACCCGCAACGAGTTCAGCCTCGAGTCCAAGTCCACCATCGGGGTCGAGTTCGCCACCCGCTCCCTCCAGGTCGACGGCAAGGTCGTCAAGGCCCAGATTTGGGACACCGCTGGCCAGGAACGATACCGTGCTATTACTAGCGCATACTACCGTGGTGCTGTAGGAGCGTTGCTCGTCTACGACGTCACTCGGCACGCAACCTTCGAGAATGCAGAGCGCTGGCTGAAGGAATTGAGGGACCATACAGATCCGAACATAGTTGTCATGCTTGTTGGCAACAAGTCCGATCTCCGCCATCTCGTGGCAGTCCCAACCGACGAAGGGAAGTCGTTTGCAGAGAGGGAGTCACTCTATTTCATGGAGACCTCTGCGCTCGAGTCGACCAATGTGGAGGACGCGTTTGCGGAGGTCTTGAAACAGATTTACCGCATCGTGAGCAAGAGGGCGGTCGAGGCAGGCGAAGAGTCGGCCGCCGGCCCTGGCAAGGGTGAGAAGATCAACATGAAGGACGATGTCTCGGCGGTGAAGAAGGGTGGGTGCTGCTCTAGCTGAGGCGCCATGATGCATTCTTTTTGCTGAGCTTTTGTGATGTGGCATTTCCAG,1
ATGGCTTCAGCACTGGCGAGGAGGGCGGGAGGTTCCCCTGCGGCGGCGCTGTGGGCCGCGGCCAGGGGGTTCGCGTCGGTGGGCTCCGACATCGTCTCCGCGGCGCCCGGCGTGTCGCTGCAGAAGGCGCGGTCCTGGGACGAGGGAGTCGCCACCAAGTTCTCCACCACCCCTCTCAAGGACATCTTCCATGGGAAGAAAGTCGTCATCTTCGGGTTGCCGGGCGCATACACAGGAGCAAAAGATGCAATTGAGTTTTATGGCGACCTTGACGGGAGCTTCCACAAAAGCTTGGATCTGGAAATAGATCTCTCTGCTGCTTTGCTTGGCCGCCGCTCCCACAGGTGGTCAGCCTTTGTCGACGATGGGAAGATCAAGGCTTTCAACGTTGAGAAAGCCCCTTCCGACTTCAAGGTTTCTGGTGCTGAGGTTATCTTGGATCAAATCTGA,1
GAATCCATCTGATCCATCAGTGAACATAAGCTCCAAATACTTCTTTATTTTCTACTTTGCTGAGCTGCAGACTGTAGGAAGCAATGCAGTGCGGCAGTTTGATATCATTATCAATAGCAAGACATGGAACAAGCAACCTTACACCCCAACATTCCAAGTCACAGATTATTTTTCTGGCATTTTGCATGGGATGGAAAATTATAGTGTCTCACTTGTTGCTACTAAAAATGCAACGCTTCCACCTATCCTCAATGCCATGGAGATGTACTTGGTGAAACCGATAACTGCGGTTGCAACTGATCCTGGAGATGCTAGAGCCATGATGGCAATCCAAGACGATTTTGGTGTGATAAAAAACTGGATGGGTGATCCATGTATTCCGAAGGCTTCCATATGGAGAGGATTAAACTGCTCATATCCACCAGTAGGTGCCTCTAAAATAACGGCACTAAACTTGTCTTCCTTTGGGTTGGTTGGTGCCATCTCTACTAATTTTAGAGATCTCCAAGCACTCCAGTATCTGGATTTGTCACACAACAACTTGTCTGGTCCCATTCCGAATTTTCTTGGGCAACTTTCATCACTGATGTTTCTTGATTTGTCCAGCAATGATCTGAGTGGACCAATTCCTTACAGCCTTCTACAAAGGTCCCAAAATGGGTCCTTATCACTAAGGGTTGGTGATAATGTAAATCTTTGTGGCAACGGTACTGCCTGCAGATCAGATCGAAAGAAAATCAACGGGACACTTCTCACCGCAATAGTTGTACCAATAGCTGCTGCCATTGCACTGTTTGTTATCCTATTTTTGCTGTGCCAAGTGCTCAAAGGAAAAGCTAAGCGAAATGCTACTGGTCATGAAGATGAATCAGCATTACTTGAGAACCGAGAGTTCTCTTACAAAGAACTGAAGCATATCACGAATAATTTCAGCCAACAGATTGGAAAGGGCGGGTTTGGACCTGTCTTCCTTGGTTACTTGGAGAATGGAAAATCAGTT,1
ATGGCCATGGCGACCCACGGCCACCTTGCCAAGCGCCGACGCGTCTGCCCTGCCGCGGTTGCGGTCCCGGCCGCGCCGATCGACTCGCTGGCCGACGAGCTCCTCTTCTTGGTCCTGGACCGGGTGGCGGCCGCCGATCCGCGCGCGCTCAAGTCCTTCGCGCTCGCCTCCCGCGCCTGCCACGCCGCCGAGTCGCGCCACCGCCGCGTGCTCCGCCCGTACCGCGCCGACCTCCTCAGCGCCGCGCTCGCCCGCTACCCCACCGCCGCCCGCCTCGACCTCACCCTCTGCCCGCGCGTGCCCGCCGCGGCCCTCGCCGCCCTCTCCTCCGCGCCCGTGCCTTCCCTCCGCGCCGTCGACCTCTCCCGCTCCCGCGGCTTCGGGGCGCCCGGCCTCGCCGCGCTCCTCGCCGCCTGCCCCGGCCTCGCGGACCTCGACCTCTCCAATGGGGTCGACCTCGGGGACGCGGCGGCCGCGGAGCTGGCGCGGGCGCGGGGCCTGCAGAGGTTCTGCCTTTCGCGCTGCAAGCCCATGACGGACATGGGACTCGGCTGCATCGCCGTCGGCTGCCCGGACCTGCGGGACCTCACGCTCAACTGGTGCCTCGGGATCACGGATTTGGGGGTCCAGCTCCTCGCCCTCAAGTGCAAGAAACTCAGGACCCTGAATCTATCCTACACCATGATCTCCAAAGACTGCCTTCCAGCCATCATGAAGCTACCCAATCTTGAGGTGTTGGCACTGGTGGGATGTGTTGGAATAGATGATGATGCCCTTAGTGGTCTTGAGAATGGATGCAGCAAATCACTACGGGTGCTCGATCTGTCAACCTGTCGAAATGTCACTCATACGGGAGTTTCATCAGTTGTGAAGGCAGTGCCAAATCTCTTGGAGTTGAATCTGTCGTACTGCTGTAATGTTACTCCATCTATGGGAAAATGCTTCCAAATGCTTCCTAAGTTGCAGACCCTGAAATTGGAAGGCTGCAAGTTCATGGCTG,1
AGACATGCTGAATTTCTCTCTGGATAAGGGAAAGAATCACTGCTGCTATCTTGCCTCGCTCAAGCTGCAAGGAAGCAAGATATGCAGCCTTCCCTCCTTTGTTGCCTTTCTGGGTGGTCTCACTAAGCTAGGCCTTTCATCCCCTCAGCTGAGCCTTAGCCAAGATTTTCTTGCTACCCTGAGCAAAGTGCCTGGCCTGGCGCACCTGAAGCTGGTTGCAACTAGCCTCGGCAGGCTCGTCATCACAAAAGGTACACTTAAGAGCCTGGTACGCCTATCCATTCTGGTGAAATCCATGATTGGTCAGCTGGAAATCCAAGAGGGAGCTTTACCACGCCTCAGGTCGATGCAACTGCTATGCAAAGATCTGGCTGGCTCTATTTCCGGCACGTCAGCGGTCCATTCCCTTGGGCATCTTGACGAGATTGCTCTCCATCGTGATGTGGGAGATGAAACAAAAAATGAGTGGAAAGAAGCAGCAAAGAACCTCCCAGGTCGACGCCCCAAGATATTGTTTCTCTAGACAACATCAACACATCCAGGCAGTGCAGGCTGCGACTTGCTAATGGCAAAGCATTATCGTATGCTGCTTATTGGTTGATGGACATTCATCAACATGATCAAATGCGTCGAATAATTTAGTCTCTTTGCTCTCATGTCGATTTGGTGGCTTCCACGCCGTTTGTACTTTTATGTTGTGTCACCACTAGGATTTATTTATTTGTAACGGATCGAAGTTAATGACCTGTTAAGTGTGAGCAAACGATTTTCTTTGCAAGAAATATGGTGACTTCCTGCTGTAATAAATAAGTTTACTCTGTCTGTTGTTGGACATGTATTTGGTTATTTTGGGTCCTAGTCAACTTAATTGGCTTCTATTATTTCTCACAATAAATATCCTAGTACTTGTTTGGG,1
